-- --------------------------------------------------------
-- Host:                         127.0.0.1
-- Server version:               5.6.20 - MySQL Community Server (GPL)
-- Server OS:                    Win32
-- HeidiSQL Version:             8.1.0.4545
-- --------------------------------------------------------

/*!40101 SET @OLD_CHARACTER_SET_CLIENT=@@CHARACTER_SET_CLIENT */;
/*!40101 SET NAMES utf8 */;
/*!40014 SET @OLD_FOREIGN_KEY_CHECKS=@@FOREIGN_KEY_CHECKS, FOREIGN_KEY_CHECKS=0 */;
/*!40101 SET @OLD_SQL_MODE=@@SQL_MODE, SQL_MODE='NO_AUTO_VALUE_ON_ZERO' */;

-- Dumping database structure for bd_gaed
DROP DATABASE IF EXISTS `bd_gaed`;
CREATE DATABASE IF NOT EXISTS `bd_gaed` /*!40100 DEFAULT CHARACTER SET latin1 */;
USE `bd_gaed`;


-- Dumping structure for table bd_gaed.aluno
CREATE TABLE IF NOT EXISTS `aluno` (
  `ID_Aluno` int(11) NOT NULL AUTO_INCREMENT,
  `ID_Usuario` int(11) DEFAULT NULL,
  `ID_Responsavel` int(11) DEFAULT NULL,
  `Data_Ingresso` date DEFAULT NULL,
  PRIMARY KEY (`ID_Aluno`),
  KEY `ID_Responsavel` (`ID_Responsavel`),
  KEY `ID_Usuario` (`ID_Usuario`),
  CONSTRAINT `aluno_ibfk_1` FOREIGN KEY (`ID_Responsavel`) REFERENCES `responsavel` (`ID_Responsavel`),
  CONSTRAINT `aluno_ibfk_2` FOREIGN KEY (`ID_Usuario`) REFERENCES `usuario` (`ID_Usuario`)
) ENGINE=InnoDB AUTO_INCREMENT=7 DEFAULT CHARSET=latin1;

-- Dumping data for table bd_gaed.aluno: ~5 rows (approximately)
/*!40000 ALTER TABLE `aluno` DISABLE KEYS */;
INSERT INTO `aluno` (`ID_Aluno`, `ID_Usuario`, `ID_Responsavel`, `Data_Ingresso`) VALUES
	(1, 4, 2, '2014-10-22'),
	(2, 5, 2, '2014-10-22'),
	(3, 6, 3, '2014-10-22'),
	(4, 7, 3, '2014-10-22'),
	(5, 8, 3, '2014-10-22'),
	(6, 30, NULL, NULL);
/*!40000 ALTER TABLE `aluno` ENABLE KEYS */;


-- Dumping structure for table bd_gaed.boletim
CREATE TABLE IF NOT EXISTS `boletim` (
  `ID_Boletim` int(11) NOT NULL AUTO_INCREMENT,
  `Bimestre` int(11) DEFAULT NULL,
  `Data_Boletim` date DEFAULT NULL,
  PRIMARY KEY (`ID_Boletim`)
) ENGINE=InnoDB AUTO_INCREMENT=4 DEFAULT CHARSET=latin1;

-- Dumping data for table bd_gaed.boletim: ~3 rows (approximately)
/*!40000 ALTER TABLE `boletim` DISABLE KEYS */;
INSERT INTO `boletim` (`ID_Boletim`, `Bimestre`, `Data_Boletim`) VALUES
	(1, 1, '2014-10-22'),
	(2, 1, '2014-10-22'),
	(3, 1, '2014-10-30');
/*!40000 ALTER TABLE `boletim` ENABLE KEYS */;


-- Dumping structure for table bd_gaed.compoe
CREATE TABLE IF NOT EXISTS `compoe` (
  `ID_Boletim` int(11) DEFAULT NULL,
  `ID_Disciplina` int(11) DEFAULT NULL,
  `Nota` float DEFAULT NULL,
  `Faltas` int(11) DEFAULT NULL,
  KEY `ID_Boletim` (`ID_Boletim`),
  KEY `ID_Disciplina` (`ID_Disciplina`),
  CONSTRAINT `compoe_ibfk_1` FOREIGN KEY (`ID_Boletim`) REFERENCES `boletim` (`ID_Boletim`),
  CONSTRAINT `compoe_ibfk_2` FOREIGN KEY (`ID_Disciplina`) REFERENCES `disciplina` (`ID_Disciplina`)
) ENGINE=InnoDB DEFAULT CHARSET=latin1;

-- Dumping data for table bd_gaed.compoe: ~9 rows (approximately)
/*!40000 ALTER TABLE `compoe` DISABLE KEYS */;
INSERT INTO `compoe` (`ID_Boletim`, `ID_Disciplina`, `Nota`, `Faltas`) VALUES
	(1, 1, 10, 4),
	(1, 2, 9, 1),
	(1, 3, 8, 2),
	(1, 4, 4.7, 2),
	(2, 1, 5, 0),
	(2, 2, 6, 4),
	(2, 3, 9, 5),
	(2, 4, 10, 10),
	(3, 1, 4, 2);
/*!40000 ALTER TABLE `compoe` ENABLE KEYS */;


-- Dumping structure for table bd_gaed.disciplina
CREATE TABLE IF NOT EXISTS `disciplina` (
  `ID_Disciplina` int(11) NOT NULL AUTO_INCREMENT,
  `Nome_Disciplina` varchar(20) DEFAULT NULL,
  `Conteudo_Disciplina` varchar(1000) DEFAULT NULL,
  PRIMARY KEY (`ID_Disciplina`)
) ENGINE=InnoDB AUTO_INCREMENT=5 DEFAULT CHARSET=latin1;

-- Dumping data for table bd_gaed.disciplina: ~4 rows (approximately)
/*!40000 ALTER TABLE `disciplina` DISABLE KEYS */;
INSERT INTO `disciplina` (`ID_Disciplina`, `Nome_Disciplina`, `Conteudo_Disciplina`) VALUES
	(1, 'Portugues', 'Gramatica'),
	(2, 'Matematica', 'Algebra'),
	(3, 'Quimica', 'Organica'),
	(4, 'Fisica', 'Mecanica');
/*!40000 ALTER TABLE `disciplina` ENABLE KEYS */;


-- Dumping structure for table bd_gaed.estuda
CREATE TABLE IF NOT EXISTS `estuda` (
  `ID_Aluno` int(11) DEFAULT NULL,
  `ID_Turma` int(11) DEFAULT NULL,
  KEY `ID_Aluno` (`ID_Aluno`),
  KEY `ID_Turma` (`ID_Turma`),
  CONSTRAINT `estuda_ibfk_1` FOREIGN KEY (`ID_Aluno`) REFERENCES `aluno` (`ID_Aluno`),
  CONSTRAINT `estuda_ibfk_2` FOREIGN KEY (`ID_Turma`) REFERENCES `turma` (`ID_Turma`)
) ENGINE=InnoDB DEFAULT CHARSET=latin1;

-- Dumping data for table bd_gaed.estuda: ~5 rows (approximately)
/*!40000 ALTER TABLE `estuda` DISABLE KEYS */;
INSERT INTO `estuda` (`ID_Aluno`, `ID_Turma`) VALUES
	(1, 3),
	(2, 1),
	(3, 1),
	(4, 2),
	(5, 2),
	(6, 2);
/*!40000 ALTER TABLE `estuda` ENABLE KEYS */;


-- Dumping structure for table bd_gaed.faz
CREATE TABLE IF NOT EXISTS `faz` (
  `ID_Turma` int(11) DEFAULT NULL,
  `ID_Tarefa` int(11) DEFAULT NULL,
  KEY `ID_Turma` (`ID_Turma`),
  KEY `ID_Tarefa` (`ID_Tarefa`),
  CONSTRAINT `faz_ibfk_1` FOREIGN KEY (`ID_Turma`) REFERENCES `turma` (`ID_Turma`),
  CONSTRAINT `faz_ibfk_2` FOREIGN KEY (`ID_Tarefa`) REFERENCES `tarefa` (`ID_Tarefa`)
) ENGINE=InnoDB DEFAULT CHARSET=latin1;

-- Dumping data for table bd_gaed.faz: ~4 rows (approximately)
/*!40000 ALTER TABLE `faz` DISABLE KEYS */;
INSERT INTO `faz` (`ID_Turma`, `ID_Tarefa`) VALUES
	(1, 1),
	(1, 2),
	(2, 3),
	(2, 4);
/*!40000 ALTER TABLE `faz` ENABLE KEYS */;


-- Dumping structure for table bd_gaed.foto
CREATE TABLE IF NOT EXISTS `foto` (
  `cod_foto` int(11) NOT NULL AUTO_INCREMENT,
  `nom_foto` varchar(255) NOT NULL,
  `txt_descricao` text NOT NULL,
  `img_foto` mediumblob NOT NULL,
  PRIMARY KEY (`cod_foto`)
) ENGINE=InnoDB AUTO_INCREMENT=10 DEFAULT CHARSET=latin1;

-- Dumping data for table bd_gaed.foto: ~2 rows (approximately)
/*!40000 ALTER TABLE `foto` DISABLE KEYS */;
INSERT INTO `foto` (`cod_foto`, `nom_foto`, `txt_descricao`, `img_foto`) VALUES
	(1, 'michael', 'test', _binary 0xFFD8FFE000104A46494600010101006300630000FFDB0043000A07070807060A0808080B0A0A0B0E18100E0D0D0E1D15161118231F2524221F2221262B372F26293429212230413134393B3E3E3E252E4449433C48373D3E3BFFDB0043010A0B0B0E0D0E1C10101C3B2822283B3B3B3B3B3B3B3B3B3B3B3B3B3B3B3B3B3B3B3B3B3B3B3B3B3B3B3B3B3B3B3B3B3B3B3B3B3B3B3B3B3B3B3B3B3B3B3B3B3BFFC00011080190011E03012200021101031101FFC4001C0000010501010100000000000000000000000203040506010708FFC4003E1000010303030302020804050305010000020003120405220132420613521162147207212331418292A21551B2C224336171D2164381253583A1E2B1FFC4001A010100030101010000000000000000000000010203040506FFC400281101010100020202020006030100000000000212032201320411425213233141729221336162FFDA000C03010002110311003F00F664210804210804210804210804210804210804210804210804210804210804210804210804210804210804210804210804210804210804210804210804210804210804210804210839E88F45CD0A5A7AE8906E36D7A4CF41F5FAB2D547D8710AB2D77DA2BCBB5214646E0D29C09C8E05AFB4BF14C5DBAB2CB65216AAEB3427CF6B2D69370BF2E8A35E05D21792DDBE976A1F7CDAB752951B23F7BA712775FCA588FEE5987BE907A82A0C446BCDB6B4C7512222F5F7128FBF29FA7D012D3F9AE6A43A7DFAE8BE6AADBC5C1FADF892B91BAEEE981163FA932778B999CCAE1552F2EE929EC3E9CFA94366ED6FA9AE7A859AB68EA58FF35AD0B215F3D35D5B7F6020D5EAB44652FF003C94DB07503B4FD43FC56B5F3D0DC18775A8CA5F2AAF633E1F42AEAA3B375152DC81A6F5220A820944C63EAAED5BC79FB3CF8FA750842B202108402108402108402108402108402108402108402108402108402108410AE34F5355466CD1D71D13A5F73A01A1EA3FF82586A9ACBF95B6AEDCC5D2A02ED6E968E9108EBA3E1F7898E2BD0CB5D074F5D75F4D345E4B7EEA0D68FAC2E2EB63ABBF1547DA6FB652212159D27C36963BBD4D050B3457EA81F8CED77475D07D3D43F96BEE59CFA43EABB7D4DBE9ADCC1011B8F83A73E23A2C4DC2F55CE90D63AECAADD1808964442ABC9A71AADA876E640EBAD06C22E5E299A5BAAD6F3D6D52ED1FF0FA00A7A508C49DA590C87C565C2A5F12903A4243C84B24B2CE4EBF88F0111DCB8443122390996D11DAAD9956AB476A18A60A70ED489E2DD2250CC638A596D15DC4B25641A11C5713D8A6F296D9203B651922511208892544A2922482CEDDD4B75B5EAD694955A8768BD4259456E687E98AA9AA600ADB7E8FBBA6E31C64BCDE18A4ED55CA7EDEA94FF4B4CD5935A554A832CA01DCD15C583E916DB5358F51D75C04CA5F64EF6E224BC464449FA669D7489B6844889327DBE95A0BA52DC69FBD4EE0EA3EBE8A6AF9D429AF14702A871D2A490918B4EEE15B9B71B64C1D4D9EE15146F00CC449F2303F6C493B2D97A9215074C752357EA2D67A0B558D7D4FB3EBB75FE7A7FA2BF565021084021084021084021084021084021084021084021084153D466E3760AB2687422EDF97A2F20B8565BA99AA7AEA06CA62242643B888862525EC1D45514F4D667DCAA8F6A3949780DE6AA92A2B48A902032DDB65F9557FAD2514EA8FBE27E1B44B8A846647B888B9253A903BB25641D17486522F6A499489248B2240EE40E71296D4109476FEA4922F144F18A0497E0812C6283DA2B9C502F549DDF3225E481DDED40A92232DA888CB7250E3B50217449C68A404425E48C652442428243570AA108F7CA3E244A6D2570B422E3066C180E51290912A8190A7008B2241BF66E750142CDF6CADEACB94B8D49CA5DC1F70AF4EB5545D2A5869F75CA5A8A7774909B7212F45E0B6EBFBF4145576F8CA9EA872122DA5E4B7F64FA43A4B5B5456E775F4A66DA1D0CC349C566BFB3D39B781D2310296A0512FF44EA83435F47554BDDA373BA319E3F8A75BAB65DA83A603D3BA022641F88E9AAB78F2AA5210856404210804210804210804210838842C475AF59D35B1A76829AB3B555A0E5A80FA97FB68ABE7C8D5575DEDD6C11D6B6B1A625B665F7ACFD5FD2374F53108E952452F5FAE1AAF3DB3D7DA3E1DDA9BBDA2A9F65D2805519CA0A9EF95D4CFBA6D01CC58C5A763910FB957B52537ACBAC5DEA5AD016A6DD2B45886A5B9655D391AE4B9249148A4B499CA092C91191445284447224EB44D096482388C772EC53A4EB4431EDE48FB22C44A2481BE5B857354E8B04512DC3ED4D1097B90045205CE297AA0231409E495C5276A35400EE4A22CA2491A25E2592048E249C18C7249221824C84B6EE40E7322DC8211DC281901490442596483A2C77448808640328927E9EA69868CD82A693B29018EEF95421F6A58193462E86E1241B9B5DC6FD4624FD81FAA0A50687BE5582311F956EEE0F13559D377D0741CD48C692A1CD396863FF25E4749D517061A758329B4E9891C96CEE778A1BEF4BD0BF4A5F075DF18D01009144B2DD1E4B3A5DEBA84D84E1A4FD25F8FA27168A0421080421080421080421083357168AB5CAC76AEB5D6A8E975F4ECB4709E3C897988DB292A9FBB5499052D2518CC1A229488B6FCCB7FD694F702D486DE43AF7F40D5D0D7EADA5B9798756D48FC7FC08162D6464052992CBC7B2E8B53D486ED1952B2C0B54E6022612E5E4A9A590C890245B76A490E7125AA8354912C92A3B8524850122DCB8452242100BBB8B1408FE94104772004884A438FCAA689F769C65BD4669A374845A6C88959B36C704246242AB54BCCD52B484A249AC855E05A4E391629876DC52890C5352B7F0A958EEE12F2148E2A6B5424E91114A2251515D6080A2ACCF344715D94B14A01121CB14918C8BC45100A3C570BDAB8BBB8903A25889249EDC526245FDC95A111097B90248487292E48974F7E2B9C903A0622D44844A4A758EABE16EF4846226D34F89F68CB122155F8C77275A689D21168B68CF1E283E96B657B772A06AA9BD3D04C7EB1F1D7F9298BCDFE8BAFEFBF4B5D4D70D7D3B020E897A6E12E4BD1593EE3207E5A7AAACA7C9C4210AC808421008421008428374B93169A23AAA8F588FE03F8A0CFF58890B5DD2AED29B421ED3596245EE5E2570303B8BBDAC865BFCBDCAF3AC3AA5DBCDD7D3BE44D365B436897B56664447259CCA7C94EC463926A522F7259E6712E49023B9688019490432149DA4A4523533CB244CCE91E25E2A5535BAA6A78C47C895DD25B244244222ADE9E85B6A258AC2B95D51F1FF65053F4C91EF7159D3F4CD0B5BC48C95D34DE58492844849615CB4EB9F8F13F8A0336C698288371F954B1A51E5929108948772541D211228AC2AEA9BCC4A13B4DE2ABEB4045A23DB1122574EB710C957D5B44746E80644404B49AECCEE7AA92DCD09D0099722251DD6048C863929966CED2225B80893E74C4638C96DACD39E63512CFD6D31302251C494400DD8ED15777C6098A5028910962A17C37C509053E24223225BCD7571DC76CAB1765B6294F306C1C0C724908F25A322BFEE9632492DD12410E682DC5241CE44B89CC618EE4921C500392501B819344425B64286BF4F1482121241BBE85B89317565C7993D1B74429F526BEB18FB87F2AF6C08EA1A43D23E9F57A2F9D3A4EA828FAA2DC6E91767BE13FE9FEE5F448B506B406621A0FDDA7A7D4ABF927FB1E426809DF5F430D3FDF4D53AAC808421009B3306C6464223FCF5D538B8822545C68E9698AA1EAA681A11F5D4F53D1787759F57BFD47723F8774DAA2028004A32D15AF565C69AAAAAAA96E0C113D4A471ED18889F87E95E7F070832E3C5673D9239254F90A5D4830D1B42CC8B0123979268E45C62B44165996E8C76A0711C852025C892824522F140931C95ADB1BDA3B5560C887DC58AD1D9E8484465B96775996DC13AA5B533510122192B006871224D3431FFF0049F121E44BCEAA7AB3274030DA960D0F8C93426318890C53C3C78A85CAED0C892C044464438A0086314A9090EE92AB4CA3D404B6928B0E442AC89B90F151CC1BDAAD34AD4B25500565BA77072A47CB2F6ABA88F6BCA5C976E76E0AAA078088B1090A8961749DB33425B808864BA35A9D3966737922F0D09DA5D90E5C540B044EDCEC40662592B0BC384D34D110E3DD19287511B25D6623FE12AB9782BCFAB2BF7D12F50854945D192AABB5B028C40C2592D28088BA24252926BA869656878BC6242AD17DB2CF978BAD531C6242431290F926C0644A5524498312DDC533210028EE2FDABA5C46C71F992A599491CFC9045274A3E481E311163F4A7E9AD4ED751D4550B9F654C322515E29BA5124B66A5D69A745A70866313CB70A0BAE8AB73B77BE535080E02F83AE9F888AFA1D7CFBD1B73AAB25C1ABA9017F0FEE8B552423211E4BDED8A966A69DB7DA744DA774D3503D35DCAA93DA7AA5210AC80842100AB2EF7AA7B2B40FD536EF6752F437407D740FF7566B23D7D7E2B55A1C61911D5D7863EBA8FAC556861BAAAF36EA81A97A91C65C75F74A2E6822511F6AC1BCF8F7CC84BBB1C44896B2EDD2D4B6EE93A4AE7E7FC42A8A443B44056445D16A62D08909E3231C9253E4875D71D29994889244B1F72510E38923687B95904F28892501C4492258A0B7209B6CA672AAA8444651E2B674AC0B4D44862A1582D834B4E2E90E67B959BC51DC515C3CB7AA7A9F1F8B13AA04EC322DAA38D4911E3C953D75CCA50A7911284553716825DB210F2569E056BE44CD35AC9CB712962E8CB11FD2B174F78A9948325383A8884C3BEDC44BDBB556B829A4FCA86B44B1C53C251E2A9E92EAC3E224052156EC9810E2B9AA72EC9A9AF538232E49931914649E88C520844448B9284A255E14F51970254F69A6262CCD14886522536F9524141D86BFCDAA2808A9014DDA6018E2D8C56F3D65CF53AB565C07BF4E6D10E44389280754DD553FC2D7B70E32FEE5746119476AAAAE61A7DD896E1DA43C55E299F2C225A5F2A1AAFE1F5451122FB23F257D78A69DA1D01DD1594B9B062D652C3212157D6FB8157D9A9C4CB297DB97B455EBF6973C575A8A65AAE94A82BEA180CA232928479112D80361733B85C05A8B443068BCA2B28F111167BB6ADE2B4E5B8C981C0E5E28DA48DBFA5738AD193B8CC8938013326FF4A6B892E896632DA82FFA73A87F829BD4D50C0BF4354222FB5EDF215E896DE9BB9D2D1B372E91BE13B40E7DA8525569EA3F2AF3E6ACAC5CEC355554861DDA374A522DC1C56DBE876ECE1315B6A74B06E2EB52D76CB8AAD65668E83ACAA02E8C5AEFD6876DD52FEB169D949A70BDAB5EB395368A4BEF5153DC5D39B56C2F46C3893BF7FAFF00E168D3C23C8421715908D5855234FAFC20093DAED97DDA2C7DE4EE676E79AD6D94EF98E5DD277212FCC2B72A87AAAEF4B6CB4BFA3AE809986B87E24B3A4F878A751DC6F4EC29AEB222119884B1159ED55B5E2E6EDC6A9DAE7F39E0245E22AB318FCCB4941328AE6ABB2C91CA2839F954DB5D2FC55C41A21C6522508A3C55F74AB53AD74FC456775995F8A75732D68008008ED5535DDFAAA82A66B18EF257243168BE5DCA0B4D0B032CA65B971457E4F5AE7F1768AD94D4C02251221E5E4A53AC5318104712E2A0D45CDAA7C4B2255AF75088C6222AF3374C2AA241F4F10191B458F8A8EEDB0CCE242A553751B6663368887DA4AC46AA96AA3DA22028ED257ABB9F652638ABD699E698A9A022702505ABB655775A1211211F726085B22CC4494CA71111C631595DEE5D1C1C5515EDD52C9DF1DCBAE9C5AC8844479288ED4B14A333288A0285FBB189D409354A3B40B71FCCB2CFECEBAAFD5087FC6560DC0C4BB2C62C4B9172250EE3D49F0D206048895C5CDA935D811880E38AA22B1B63F69892DE2A3DA9C7CB37EB0AD76FB5C63B444541F8EAC74FE657A3676C88A444324F05B1A1211947DCB79B872D715D7B33E6FD5B45337223E249769F89AC74ADD4EE0803E52332F1575576762BEB19B6520C239BEE9645156171E946ED74A1556F2290645E449572ACF156B4B9A7B7B14B68F85684444071F25E63716898B93CD10C7325EA566A91ACB701F92C475BD2F62EE2E80C663B965C155AA9A6FF002A271352CD17B85713C4251124821292EC79C4FF00DB5CE3B504243892EFE52920D45BEA5BA02A574ACA46CD7000848A3331C4A3F312BFFA3AB3DCF5BFDC8B401A3A702ED3FF008EA25EBB00BF9ACAFC67C558469AAEAC0069462C34232322FED5EA1F45D58D8DA1EB73ED985736E77DD22D653D0F697AFF00F4AA96E1965BA7681A6874000D3D0474FC13A842B2021084106EACD43F6E78290F507B51C4B4D7D161AE236C69AA8A6A262462C113A66523128F2225BDAFAD62DF4875350E080069B8978BF5BF53533F59DBB516241074C792CFCFB27C316E8FB4A3C936392749D23601AED88881117CC9A94496880424049442425963F322522929156046E8C0770A0891225ADE8E6BEC9E7251C96549A75A2C862B5DD262434465EF58F3FA3A3E2CFF0035A0302736ED15595A44C04855C33E49156C0BED4603225E74D4CD767AD73D7AB19456E7EF774ED0910072249BA580296E5514C1520D0B4D4C49D2DFED153C18B9D9EE3F134A33112DAA4DE6BA9AF600E555BDF6AA9ADA4032125E8CDFFABC7B8FF650DA6D2C560B4E3B7261A227443B052912B8BB589DB3BF2EE93AC96D2E42A3D9C1BA3AC17CA91D7CC36096222ADAE75570AE293A202318C0476A8BBECB7171521513AE1096528E32561DD7458C4B151EDF6F704E4EEDF153CDB1191715CB753A7A713553D88A2A66BBE2FBA5DD77DC5B5685A3C24A9297B73DA22AD69E3388ACAE9ACCE6502E251225435173163101132E4B4778A6381100ED58F785A0A80221284B292D78A669873D54FAA3D4DD6A4045C910896D88A8E3787E5FE692D15FDA60A9E9EA7E105FA7ED10625B4B892CED130DBA034A56FEFBCE9E260452FD2BB22672F32EAE6BD96563BD181D43A432990C8B9456C692B9BA960445C9018C550F53F44059281AA9B7BE6470FB514D7489D51908CA43C84B8AC79666A752E9E0BAD629AAB7D2F6049B01C64B35D7EC45865D96D28ADB0046321892C7FD22108D0323E46B1E2AEEE8F913FCA61833DA590A49F731481C48728A590C77643E4BD17904194CB6A4E9297B9288448B114E890980B4388A0DB74550D1DAEFADBF70602B1B71A1745D1290B197215EA7A152FF00D4FABE26132A0D3297D5A8CD78E7475C6B2C17EA669DA5EF8560888017292F42E9FB3394F79A87AF948C77EA8BD289A94B4001DC3E9F9A4B3F3A5DBA5D49D34D0463A7D5A6894B450210A357550D0D13D547B5A0D4D079E7D22DC4ABEE056A02775A7A363BB522D7222DA3EABCE6E16E6A82826F391A83C44036C568F5BA5439437976A75FF175F54226DF88AC63A6E3B5044EE7944644AB2B23916451C5712DD6E2651890F90A6D5952A32157B4CC09D535CA4024A8658C5696C62552E818ED69A8FE659DFAB5E2ED593D79A560A966D0C484729297D2A3FF00A44BDC4A3DC4BBF4A62212F7291D33FF00B480CA512292E7AF477C4CCF3F55D8109108C493F4E2459493403E38A7408A3E2B8E9D8749A12212E4BBF0AD7B4A4B84788A4911E314D52D8D1A768C038E49AF8612DC3B79294445B8B2F24823F14D5199350101111515E288C4BF7298E9880C48956D4913A1111225325154A43325634A7F6E222A151519100C8B72B46A8498745D5149583A026D64B3F5D6717488856A75012188A82E88CC84BF6AACD54A2A66BD992FE0AE89108BA4025FA54BB63573B491951314A445B4883257FDB096D525A68319462B79E7A7357C7966AADABF5E087E2DF1111E203B569ED36E6A8E94009BCFCA2A4B5DA0DA22B86F948A3B552F974471668F3C2243B579F7D239FD8528FBC96EC4E62BCFFE920FEDE903E6257F8FFF0062BF23AF1531E2D19C62DC948A7A0AA7C8845B2C46592B6A1B71BB6E2221890ED8A45BDF7299F7665C488A4BBB7FAB83F819CE99F91091493C4C3EC0063BC3BA31F151CCA666E7912BFE96A6F897EA889B2749A608847DAB573A3B3535D59D9A917C7BD42326B894457BBF4F3F4775B6525D9A2EEBAEB63233FAC84BD32D3FD178874DDB8AE7761B780C4CCC73E2212C97AEDA5876C7D62FDBD912D2D95AD7758F1074770E9F95553F8B5C8421590E2ACBE536B5D6ED68C76D41881FCBEBF5AB351DE168CD9D4F5C84BD434FE7AFA2AD1E1E11D58F8D2DE6AEDC4D100054C8DD1CA58A9DD33D223556676BAA1C1117C485811DC3F378A87D49F12FF56DC5D212ED375523192DB5A69A16D1A564805A3017A5C864392AD5755E5E4950D41F743C494721CB153AAFB4C5D2A884848448A3C944948651C968A11A2BEB23E4C503D12C88A2A8725676E3953BAD72DCB3B9D4B5E2AECD2D387F803748652926BA5A25487F312AF66EC4D5B9EA526C8B1C494BE989354E411E594973D4D4CD3BE2E6B9672D40E442971CBDC90D16223927DAC8970D3BDD16BF525FC3117FF94E808F9277112CB245910DA88A8AE9C368A9B5018A82E865B52695A43160AA4C888A3224E3A2D537D9612E2A4118B14A641917158F1B75C2A6EE35550E462725BC4E98F2D546732DA50BB8F6F6AB80AC020D5A26B4CB1912CFD3E46501F72A1BCDF2EAD5C445A68C1902F1DEAB31575D53CB5313AA6EDA1261FF00212F24CD49091979788AED0D4FC5518110E5148A80C8964D72401718E49E688A58A6D91C71530078A0E0477127440A38AE888C629D861FE88AA3E9AFA6BA6B28AC0F5B8FC4F50D253110C63B8897A19863CB15E61D4E275FD504D06D1E42B7F8FECE5F955D3E9A7A7A36E96808A6328FF6AC655936D5B5D744B374E03F2AD1D211134426444302C563EE8507469876B5FD4BA38BD9CFF22B32804588C54AA432608CBB645318E27189266422280748645C575B81BEFA39A3AB1BC991BAD32D54B52238C8B12DBED5EA37765B6285A7C07D3E09D0774F4F1965FB7D578C74C7541D1D6838F809C04A5E252F25E9973EA330E9A2379AD352AA6BD1A8FB967E7D976C909B0968D0CBEFF4FAD38B450831906BA7F3D154B555A3FF00C38F51D7EA23D35F6EA23A8AB858DEB52ABB67C3D7DBCC753EE1115397328FA7A8FB9677E13E185EA112B175585C444AA19AE099817296E15C236E85AAEF87BA80539B0042D09C8B2150BA9AFEDDD884AAD820A81C45A8C0431FDCB2EEF6BBF917CC43924C9A344591472297EA49E58E294189EDDC82011911944B8AD1049A956F7FB465E4A2C679270220632E2899ACB42CB4D18F748A3CA2ACE8581029094665255F423DF0C36AB4A7189C6438AE1BFD5EAF14CF5A5B35E2A4658F2251C444A24259290CE25892E5A76CA5814447214EFBBC7C54513C92A52E44A8B10F3A3B658A60C863FDA94E90CA222A39E43C95D52E62324C9302E96DC52C44B68E429DC4797E5424D1B44431128FCA9E66DED190CCA7F3244C488478A9A118890AB2C79968581806DFE94EF6D204876F14B1212E6B355C0089F8A92D00E249A111F2521BC7DCA0A284622BA588AE4C4B18A41916D453C1B79D1064CFD65115E7D42FB6D56DCAE75052EEC9A6856D6EEF9316BA8736E38AC6DAECE35540D54D51108488BF72E8E2EB34C397B5CCC94F577C0DADDA911CCB112258C78C9D291C8A59489687AB2B9A2ECD1D3E0D06442B39C08576F04F5D3CEF915AB278AE252E14658AD9CE5013805891090AF49FA3A69CEA0AC03AF7E6DDBBEB16B8EA5C64BCD84846515BCFA26A576AAF15517E0C808F75BF3DCAB49F0F680705D0D0C35F51D5389022203A08E9E9A69F825AB21C58CBBD50D7F52FA03E02DDA9A22725A722FC56A2E75C16EB7BD5663216865E9FCD791DC5BB83BD4D554C2E8155551891E5100C790FB56749F0917EBADB0296AFE0285A75E74644661288F92F3D66984C4CCB111FDCAEAFEED252D41D0D2559BA2223F12FCB27CFFE22A95A9D417684A23C43DCAD251CF8576A81E7C0462D0C893050EC6D93B2DD2E29D69F31A57581221132963C9324308CBF4AB21D02110F724165B90521FD2B8825D25C6A68C0800A40B43D3D524FD3C8F22125911C5683A58F379B8E5890AC796672EAF8F75B996C40848B6EE520722C544A68888ED52C46258AF3EA5EC49418EE5204BEC947CA49611101E5F995441A9B8314CEFDA9C5305766A310191245C2D8158EC8F2211C55795B3B1896C5BCCCE596AF49FF00C40CB29089125FC4996E7045441A168864394574A8488B1224EABE6D3C2A88886238A96D57383C062AA801FE24511521A62AB69B8AB532BF65B335EC11665025287B7190162B38740F94FED07F4A8AEBB73A590D3FDAC5571AF545566754D8523A26641FB94DD071F4FE959FB0BE6642463910E4B44442B2AEAAE91C889067214B21D487D3D135022DB8A85D06EC3DDA716A32912CBBCFB54147DAC8A4FE20ADFAA2E636D681C222DCB037CBC7F11AAEE3044202BAB822ABFC5C7F239663FC90ABAA5CAAAC75D2F2C5479492B8EE8A076EE92F45E413225CE5FF0024EEEE225EE4DF6D02A4243121C96FBE89EB0A93A81C60DBD7D2A4372C08B522DD8F92DD742BE235F4C5DB1116DD0688C871F72AD7AA7C3DB90B8BAAC843B85BA9AE74FF000F56DCDBFBE2BC8EEF7FFE1A77662AC1A76E0EBA4D67C0476AF55BFDC1CB5D92AEB996BBA4C35A947D5783DD0ADCFBF72AC070DD228C26512996EC7F52CFCFB27C2A89802A7177BF278CE3DA8E5F327699AAB111360A13284B90AD5D83A49AAEE9C2AE360CEAAA70A6897EE2592A969FA1AC7A99E90BA05131972156D1EA53CC30C529081099946445890172150806458A5BCF8BAEBA403003290878A6559078F12CA324D1096E214E810F2F15C322E51FCA81AC959F4F54F62E432DA63155A3B538C9F69F0779092AD4EA578ACD69E88D14B6C454C17553D23F3890AB30396E5E754BDB8AD1E02CB25280661212500633C8A229FA774B28EDF259343A6121F7268DA12C4864A48CB7232946229A107E0C38E2826BB4390CB2DCA6EA032E314100906249A4EA901A2ED9E2DC8652564CBA4438B65F9934D31ED52991292B550E85191C649D2A0684087129275A947727BB6ABAA452BE9A8C583C4622A7FDDC9207134111495692ECBD7546B8FF00AA3DBA1265E745A03222FA87245982FA42AC9D5354C258B632258C115637CAE2B8DDEA2A7701163F2AAF225EB714E6265F3FCD7BBAA1111F7254A29032DA85A322C4A29D21900C46324C0094B6C94864A70116A652D8838CBFDA22DA5218E4B57D0EC3B555A402700012CB8C963EA1A361D26DD02031E24B4160A6AA0ED3B4552226659819447155A4CBE8260356D800D7EF1D13AB1F4DD5178A36B41BBD85F8E9A0FDAD1E9DD1F4F769C55A37D556F707D5B0AA3FFE02D3FF00EAACD1F4EF576951FF004B5C3E1F5FB5EC17D5A69F7AF16EA1B555153B37175887C496F90E725ED17DB95B9DB0570E971A7D24C969217475F45E59D4579A5BCF4DD9AD36D22AAABA7D3ED60D1090A7E42C3A17AA186A80E8EAA01DA1DC65118FB5626F958DDC6FD5552C9480CC884BC92D9A3AAA36BF89BB8342EF68C44B3947C55614A72156992A808EE22214928EE4A22916E949248462AC828321CB723549128925204F1FF31263925162922390A0D6511900808AB8A77C48772AB65A900C878A50C982C4B15C35D9EB4565712194BF527A98B38CBF4AAE6AA64197E65DA7A9113DF18ACAA5BCD2F46442297F99430A9121DC96D5489F25965B6924A31F992846232962499DE38A5910888C8B9220F46242A40EE971509A3EE6244A6876F1912AA52342947C92A65B65F526A623B4906F888E28825C28EBAFA9240FCC9927644452C5345520239128689A67E832597EB1BE37476D2A668BED9FC7E5156275C4728962394979A5E2B8EBEE4EBA6E4B288FCABAB82355AA717CBE5C4665047DC8FCCBB118C9722BD178C04A28416D15D0DC814D4876908FB9595152B94E035D574867492891812874F4BF120E9F7368112904ED6356ECDC2264C4712FED40ABE3B42FD603B412840652222CBF3295D2D776AD9718D5B6274EE8C4A5C7DCA8E332F1529A687161E116A712174876A2CFA1341A7AEA3F85B7D69B3A383A7A98FD78FB64A403B4164A56A96A2B9B6F4D34C7579C1D35D578C59FA52EAEDC59A50BA8D3CA4406D3A512111DC24A375B5842C2FD381D7BB5F54FE9A99B865F82CBFF0013E74F4EEA0B75C6BAA69B5D2CDA15B5BFF3DA020997E5D377FB2CB5F06D167734AEE997F5A1AE6CA0ED3BA11C497ABD4B86D5338E37A0EA423F5685AFA68BCC3E91ABEB05811F88065A75CF426A9F97A6E222E49FFC8C41B4FDC6A9E1A87C5D20122C08632555503F6F112188E38A48E32F72E14487C96AA13189252496E4B8C810225945122DA964D8C715C218A04EEDC86864E88FB9288914E32AA687DC283614F2FCA3B9386D4D219128F8A900244242BCFA7AF13D51081C1E58A4E5FF00125349BE2A3C0878A6963415C4D6242A4057C48484B1F9946368848BDC93F0C5C855B32AEA974CDCC44844A5152CAB9A742446B38D3443211908A20728C8952A25A4DB4037100C5742E7C72C567C98722224459271AA67C4F1724AB89375A68FE3B1C4923E3DB1129164AA3B4E16E224EB34D3DD90ACF2D7474AE2E91447697B975A17DDC4B114FB34612C87F6A9631684888B151A9FC4D52B2F2F8DB2C8E94844CC623F9979D71FC15C753DD8ABEB602516838AA51910CBC57A3C1199793F2B977674464D19725C65817CA3DD102F7724D0963B95853D083AC34EBAC550B458CC02424B772ABC8624BA512CB69788A9156D5334622C93A623B88C624A3890CB2DBC90280C86422519625EE53A8983BA3E4D1398B4D11C7CA2A0E02651DBC55959EA8C6B04BB4079CA3B64822DC1AEC1B440DC04DA128AD5F45B74D75A8162AE901DA568A6667BB11C4564AA652394A227105AAB751B56EE9A1BAD3D70531909114B7190F08AAD2656779E9D3B4D4DBAE767764D3A44F8D18BB18C46451F1C548E9CB252FD215C6A6E15EEB9D9A6681900D34F4D475592BDDDAAAFBDAA9740C43269A011880E3B65C897A87D17D96A6CD6AA81AAD7D0EA20E0E9FE992AE7F658C755FD2251DAF5A8A1A1D02A9D318CE5806BF8FCCBC8EBAB2A6BDF276A1D274BDC992391729248963964AD32A385E3C927F2A59625EE5CFED560919449284A3B97424951222409949708BE65DF990511408EE276872AC0F9930442A55B86558295EA99F66AE9B60892960252C4BF2A880518E3FB94F02908AF3E9EBC02197CC9A3022E4A5808FEA4A201F1546AAF20211CD2DA112DDB92DDC524460225E4A43A0D8C6314FB4D365290A604878EE5201DCE2A94993E34ADC44A31521A6025C5302E6519629F68845655A58976984B111481A687152FBA2423928EF3A23C8455804420396E59FBF5DBB0C1360E64A6D5D5625964B1576A9EFBF89725BF146A9CBF239712AF22919196E92588E2B85BB115DE4315E8BC914E42D54019B626025909725ABE99AC7682EFF0B48EF7E96A726808B112593561647C5AAF0337FE1A3CC865C7C556932F43B8DB1BB9F4FD439DA682A8672211CD79956D2F605A3113FB41CA43CB92BD2EA1718AA8D3993E078949555D1FF8FA817FB7DA9914B290897F6A494AD10221221E3B93A6D184222424432C51093A446423EEE29D27CBE1443B827022DA390FE6564192399C4E5B7E6C93D42E17C532D3A3DD645D122688B12F6A8ED11098B81898E42B414F476AB8B02F8D70D056B4593443BBDC25E482D692B9AAE0F861601AA41B8BA6C311F2111C7E55EAFD3D4D54DE84FD43C441A80B6D0EBE23F8AF3FD2D17671AA1ABB4D10BB4F421A8B6D3BA45D297D7A912F45B05E59BDDB46A1A0268C3ECDE675DCD1E9F78EAB3FEEBF9FE8F9C47124A218FF005246DCB72591890E2315A28688F1DB9207C502225C5287690A02451DD8A5CB148E111C91188A05E24492E8E511406E88E2833CC9020462A6DAC48AB054592976C2217E42AB5EA98F66A1A1DBBBDCA5352F6ED55F4AEC87712B06A70EE08F15C34F62521A8C6231F9452FED38A65A2212C8A3EE520488871892CA9A22540E5B6324D7CDB54D7804C14520211DB292B4D2B405C11DB124A0390E22806A5C53822423111C509382452F15201D2C463F9930227B4B25C21219658ACF2B68F3B5431891282F54C8714DBAE891162AAEAEA484484642B488D2B77993173AEC4856708889D2252AB5F2DB2C943122112F72EF89CCBC9E5BD51C12C6429BEE2E6E4B1CB15A3212C9024438A490C49194504CB7D5533154055B4C4FB23B840A24BB5153DD90B2DFD94C8C65B85428F214A170C084C08848790A0D174CB7435C1574B54D093C605DA22516A29AA6C8D1D33ED499A91901A836F7E998AF13AD0375AE5DA2890FB856A3A64ADF7BACA8B3D403B593122A3374F21F6AAE96640699CF872A98E027197B95D53D35B2E76D371D72A0AE0191769A948545BDDA6A6CF723B71896E908FF004AB0E95AE1B15FD92B9B04DD3914484F115644B47D137AEA0ABAEFE18DEADE8F34225274E2443FDCB6177B7DDA99E6AED68621575010A91F51F5D3F159FA733AFF00A45AAAFB4D18D4B14CD80480E31FF65AD63AC28B4AC728EE1A396DA81D242355A44487EED625F8FD7EAB3EBF6B767CF4245C93A10218A68B11C5704792D143C43E3215C191248997224ADB8F241D8E58964B8429738890C520448907625BB8A46A9422528A49724091388454DB79E444A0A9743B8A2AB498F668A99D566C948792A5A68C72C959D397BB25C772F563D534044BE6521994B2C93205889453A38E4B0A6B2EBB88E2990289EE4F3B2211222FD2A3C4872FDC92B652033211C52CB1F95321BB14B74BF5281C13896314D3CECA4822112514DD88FF0072BAA65E760244A9EB5D909172F6A9B50F96592A5AB7E78AE88971F2DA0BC5224D963114E90C49208848975B86898C64429420442932FCC9C1CB1441B3DC942596D243A31408CB76E406D24921E32447288A70C4623E481A8A769EA5DA5A807E9DD369D0290981448537144505D54F513971A5746E0D776A888482A84A24314F5C2A5CBB5B69FED04CD891BA7259E8AE811048448865FB907A4FD1FDC4AD3AD5BEDD213C6FFD423288892DE6B64A1BB7A397E682B2A63A6BA363A6BAE8CE9FCBEA5E7BF47776E96A7FF0D726BB55A7AE2F99940BFE2BD699ABA436F4D297517035FAFD58D25A7FF4B3D7FCA5F3099489125C5DD168809607C5238C912896281664449608DD92E1487140BDBBB7260B745078964950F99024B6A91422522214D8048E32C4BC5583202D0C445569AC4F658531144558D39C4B155ECE518F153DA28F892E5B7A3C5EA99228E29CD0CE38A600E58ED4F844A3218FCAB16B27A711C90397188A4452F128C8BE65952E072C8506521C8714116299748B6F156C86CA51C4941A97645114EBD91108A80E890962597CCB59973D523D43B112112DCAA4CA4444A5D493858A89DA292EC89CB8796B54416D4C08C53EE888C463B5238AD1CE4EE192500E52E288E281F224016DD51B4851C97712E48388E3B92649245E28385B976396E495D41DDC4B99211C7DC80D1693A7FAE2F9D3AC13148FB66CEBB5A7B4F51D3FD4567228D04BF041C42108160224390A46DE3FA92F4228210052E3B50791204922597CA81E67B645174A231DC8321C8024490248FEA4122847FC41110CB156708C4B1506D3FE71FCAAD4F1E4B2BAECEAE29EA4B5897B54D0C831225083297F729405115854BAA2931AF77F527C08B88E3ED515A312111E525288484A52159B73C27E42496443BB728F2E325C78F2F6AA2C78CC625188A88EBA51F9924CCB688A66252912B4CABAD0231F728AF14854D16888C547AD110191164AF2CAE54D504324C0F925BC52CA22A3BA5012115D52F3ECD9488BC9058FB53605920B2E4B462704BC5265FB91A24F240E1448A492624232E2811E488C476A04C7920B6ED41178A08907372E2E8E28948A5B501A210BB1DB241C92ECBFF2B91420EE2892EA4945074762508E29025FA5747C907244BBB8973546883BAA278AE6D5D08F240E34FB8C10B8051256215CDBE0327204AAB92EAAD4E979BA95FB463C4849480212CB8ACC83A6058110A9D4D717662D9909092A54379E79FC97ED094B1CA2A5B459488957CBDD8A940430F6AE4A76CD24C947A8910CB74528CE31482313121E28B53A062712925C464243FA957CA05BB114E0D49163E2AD52A4D2C25122C5545D1D88C65F954F17CA122F15475A5DF7772B44F65796BAA180919262A4A4EC478AB0ED76808BDAAAB71912EA9705F500812922312416D8C5599143B65248125D8E222B9C902C0B2DC947896EDC9B0C72E49D2910ED40CAE271D888888EEE49B41CD1297175008D5093C9075774FF006F55C420E9149115C5D4008C9747125C2C571074B72118A1008D11244A48042355C41D5D912E688417B6C7C9F608086505622642196DE2A86D8E934FC7898AB6C6396E5CD73D9DBC17D4F9BA504D099712489F1DC8C4485435D1E31C651DDB9352817B913C71E29A748A43E48553951531021C9400C8E45C93EE9091A6BB9DA1CB6AD6672C2ABF62AE0EC29FB63B8D5680F24A7AA49F2196D14D6DF995E6732E7BAD51D8C8924B144CA28963F2AB280B1E292242952C651488A0589649521947C93605C528C724097772E2E90C971005146E5C5D1C490045E28F991AA047DB241C421083FFD9),
	(9, 'angelina', '', _binary 0xFFD8FFE000104A46494600010100000100010000FFE1002A45786966000049492A0008000000010031010200070000001A00000000000000476F6F676C650000FFDB0084000302020909080809090908080808080709080808080807070707070807070708070707070707070707070707070A0707070809090907070C0C0A080C07080908010304040605060A06060A0D0D0C0C0D0C0C0C0C0C0C0C0C0C0C0C0C0D0D0C0C0C0C0C0C0C0C0C0C0C0C0C0C0C0C0C0C0C0C0C0C0C0C0C0C0C0C0C0C0C0C0C0C0CFFC00011080140014003011100021101031101FFC4001D000001040301010000000000000000000004030506070102080900FFC4004E100002010203040705050407070205050001020300110405120621223107133241425152086162717214238292B2338191A21553637383A1C24393B1C1D1D2F009E22434C3E1F21617D3E3F1FFC4001C0100020203010100000000000000000000030402050001060708FFC40029110002020202030003000202030100000000010203112104120513311422413251062324336115FFDA000C03010002110311003F00E48C0611342F0293A177E9F86BCD2EB59F4D514AC040C3A5FB0BF956935730DE959363814F42FE55ADFE4337E946D1E153D09F956B3F2199E942D1611091C0BF956852E4346FD28741814B1E08EFF42D2AF90CCF4A076CB505EE897FA16A71E4B27F8E8DA2C1A7A13DFC2B592E4B33F1D047F46A1F047F91687F94C8FA11ABE5E9E84B7D2B5BFCA667A11A9C1A7F569F916B6B92CCF42079B2F4EE8D2DDFC0B445CA667A11A7F47A6FE153F816A5F90C2BA109A61537DD23B5BD0B52FC8641D08523C3A0B7047BFE05AD3BD91F4A37FB0A73EAD07BB42D41F2599E846DFD1E9E88FF002AD63E5321F8E82B079647E84FC8B42972999F8E877C36063DDC11FE45A4E5CA66BD27D986063B7623FDC8B590E4B33D234CB97A6EE04E7E85A6A3C966FD67D165E97FD9C7F916B25C9667AC3932F4FEAE3FC8B4197299BF51A4F95A6FE08FF22D6E3CB667A86F9F2B4F4463F02D30B94CCF4A117CB53770462DF02D1572992F4A088302963C119FC0B427C866FF001D04265E9BB823FC8B417C9667E3A1DB0393A13D88F97A1694B398D1B8F150A627214FEAE3BDBD0B508739927C543366393AEEE08C6FEE45A7A1CB667E3A01FE83417E043F85699FCA667A1047F44A01B910F99D0B435CA643F1D023E529707AB4F7F02D19731935C743965597A0DDD5C7CFD0B4AD9CA6C2FA50F291C43718E3BFD0B49FBD99E94218BCBE36BFDDA01EE45A9AE53447F1D027F43C7E8523E85A9FE5B21F8E85F0B92A6A1C1181F42D465CD9341634224789C1C0B1B2F57193A1ADC0BABB349C39126CC9508AA3070DA38FCF42FE9AEB2E9216A21A3E78F9D26A48374793E4FE3FBAB1E0CE8C2921A0B91BE8C5E25B7B8DEA2DA37D586C045BCCD2F233AB069A4E7448A44F0CC61BBFDF5B9246618542FCE82D1AEAC5524EEAD6119D189BC9BFCC5AA4B067460F258DF9D4D19D18906DC7CE8BA25860A6326A69A06D315816F6F31519340B638C3853EFA5A52466C2F0F85BD09C89E18B8C1FCAD6A0B99986188C2C072ECD425835D189E2A4E7CEB7148CEAC6B964F9EE34D46247B8AC37EFBF98AC944CEE1D876BD29241B22B88E5DDBEB51332364B1F3F95309A23D409A8EB049458AE1BBFCAB5268DE073187DC0F75AF49CA5FC3303C603BB70E54958C9C72298B92D61BAE054211C937919F17273A7AB218631CF88373BF753E964CC3178A43A79D45A441261585B1F3BD064F04D262CF0E9B9E5DF43FA4BAB049B19CF9EFA3C608CEAC2E0C60D07CE86E08DE18A61F10BB94EE35071FE90C313CD23202917F956EBEAD6C945309C1E1D9D5DAE49D2C37FD35B4E29992C908863FBB4FA23FD35D1723E89D48D82EE149B638D1BA43CEA2D98E2130D0590EA626E7E40D4A268D124FE158D1066313273ADC511348643BB956E4918130F7D0DA0A2CAD4268C363F207779D6C908FF009548C135A99215EA770EEF7D47B10C8E983C08DC579F7D2B64C864764CBF9FCA92F69B1BB309963525C851CEE4E9AB6E354EDD08DFCAF5105CD7A61852E1159EDBAE2AF29F0D296D943CAF3697C0083A748C83789AE3C9A9C7E0915EBFE4381971FD3D1B9B44A05FBDB7DA9CABC14515F77FC95A23F274B18876166D2A0EEB0BDB555843C54122B979E9361EFD2BE251B4B69371CCAEED3F0D4178B80CC7CEC8323E97DD46F2C586F162BA05232F10A6C697FC81AFA4AB64FA5D59C88DD6CC4F0B0F555672FC3F45945EF03CBC6EFAC9B4B8816B9DC6DDF5CFC78B3FF4748EFAFF00D80C98A041DE0FB815A63F1A6BF84E3757FECDB09CC0E771DD4BD89A09169A1DE192E3E437524E39350D31C729CD00BF9D2D655918C82E3F1DA89F3A9D5560CC8D589C5134DC206901EFF773A3E09A154937F90A8B4682FACB5B9FCE82D180989C536FDE779A345224263977549987C8D6DFE75AC64C30F8CE2BD6FA68C0C3981360778A14A1820C93E5518313017BE963FCB49CB4C8B2BAC12DE38FE85FD35D2F21EC1D482A28E9293D0E34291F23E7506C83668CA777977D6106CF9FBBCFDF5B445A354FE358C83465B7F3B56278358374C2F9569C8CC1AC3BB98BEFF3ADB342BFF3F7540C368DB972A8B0A69249BAA48C31868EB24CD31E30981BDBCBBEF4ACA441B1699B45EC6838EC064F0238CDA458D0B392077786F4ED5C2EFF00C129F23A948F48BB706471BECA3B239AD773E3B82A28E0FC9F92DE0886014C877B0B1E7A4AA91F86AF5E2BFE1CB4AF760E63656CA4DD18770BAAB9A03B598B03066D903ADDAC0A8E6CA7501F553955BA10BABCB04CBF077BFB9AD61449B78034A43EE6F823F678DCF38DDA36F552D5B7963EE2921A313DDDDC3614584B0C14E4A4B46D969646041B11BC7D5597E2689F16D956F4396376BE573C72336FDE6EDBFE9A523C482FE167FF00E8D9FECC61B680A9BEA247BCF10FA6B72E341FF066BF2167FB2CBD8ADAC692E85B8805218F7AD735CEE128ACA476DE379FECD64B1B0525C03DFDF5C84D61E0EB61BD86E1B0FCCDC1A5E4C264D258F7D4A32C18078853EEA2C19240654D1F24D188FBFE758CD07F70DE282D18072ADE8B1246BABF7D49986DA7CAF5A4CC079E3DC3CEF46460B41BBF850E5B20C7ECAB30D21BBEE8DFA693957920C8C65EBF771FD0BFA6AE393F4D71DE8261A4E5F0653D9F759BAA3820CD037EF153C1066C26BDEFBAA46849E4E5C8D61035964DE2B6810665ED419986B22EFF0099A8A64CDE48F483DE2A460942DFBBDD592348F8F7F77EEAC4193158796FDC2B4C1CA5DBE9B4D9A5AC2E4FCA8B0E33B05652847EB237B53B5823DFA9037702F76FCA9571C7F1CE4FE141CAF251AD69953ED1EDF3C8C45CB0E409DD65AEB38FC1505B382E6F97949E869C3E1DE6560388F3173C63E1AB38E2B28E52FC8597F41F29C282FA1C98DC9B2B1DCBABE2A94B13215653EB2240997BC6D6750D6F33CD7E16AAC9B45C28224B3ECF8684491D8A30D2C3C48DE965A4E56E186FC74D113C2655A262BCC30603769E2ED2D582B7B44AD5C75190E78DC11EA993B99D186EF150233C31C952B030CF83F95C69DC698AE6252AD4495641B2EAC15A64D285AF7D5C5A7E94A0CADD93AE95302DA0D87E26302964ED5BC7A7E9A3C6D4C14A87121924766B32951F2DF4DC5A62926D0F5926686291648DB5052A6C4F105F12B50B915A9C1A2DFC7F2FD7345F79266DAD011C982B7CB5786BCD7974BAA6CF5EE2F215F05824D96F64F9DAA8ACFA5AA620EC6E7DF53FE1307C547FBA8B13480A49A9944D0844F5B68D05249B872342C18245B9FBEA6912120DCEA661BAFF009568D60C4D1DFCED5BC9983E8E3E55A723687ACBB0770C7C91BF4D2D290390C7828FEEE3FA13F4D59F27E80E3FC374A518D2FA60D4D18C41F11CEA691067C925EFE62A4684A55F9561017F2A8A042D86EFA0CCC1510FF91A8649999B1A2C45B7D130CC3548C79DAA2CC137900E7BFBEA515922E58215B51B76B1EA00DCFCF9D749C6E07B3EA39AE7F94552782B8CCFA4395895562ABEE3DD5D2D3C08411E79C9F3339CB4C0209164ED31563EEB834E75559592E54ECFA3861F64E520E91A85AE3C40AFEB4AD7E4260D35FD16C0E492C72AB2A3AB2952C96E6B409DB944EBA5C9E51666D9F47B1C81640A4091158B01BD1FFECA4BF2BA1692A558B086083257B88A404B01656B6A0C9F17FA1E969DD9DA251ADA2499264E1352710575E20C352EAF56AA4E726C7231634E7DB2246971705196CD6E6ADEAFEEE9BA6CD0B595B4C6EC6E424293C5A75695BF678AB7DF669C5E01311B3F791579828ACF73C3A3C54D427A02E87335DA0CF34AE948C85B591C9B356E11ECC1B8BA866D9EDB831BDDAEC84F1292CB75F4AB78299971DAF843F254B44F27CB7078A40E8CA4F890B2AE207E17EDF574BB728337D63221FB43B01D590CA4346C6D1CA9C8B7A655F03D30AF7F00468C6D0F3B0BB42D0BE89AFA0F086E566F8BD1553E438CAC594761E2798E0F0CBC72C8C682458DF91079AD79EF257567A3532EC68F1D8DCD0A2F43521BB1725EFF00F4A622690DD2C7CA9944D1B470FF009569C8D1BAC3CFCEA3D8C1292888908AF3EFA99816283925831E7DD5993301587D3DE40F7D69A22875CB23B2C9BC1E06FD34BC9039116CB5BEEE3E7D85B7E5AB8E4FD21C5F82C927CCD2633FD30D59120C05A8E88330377BC7954819AAC9CFBAB0884249CB7FF950D9036EBB97CF7D6B0604249CF9807950DA3480B1308049E7468BCE89A0EC1CFB8FF950E75E65840AC937B2B4E9136E7AB2514DDBE7B96BB0E07014D26CE17CC796F4691514B9D166B9DF73BEF5D62A707995BE49D8F649B6531D876622552059ADA02EF3F8E873AD9BA65196D96B65B97E5E421500DC59B586550DE1FA2AAE7AFA59425D8372FD9BD6E7AA5205986A074F0FD3D8A4A57607235649DE5DB07270DC061C3A4B2F2F87E3A03B47153825B80D9790861D5B1422DC4B754FA680E7908ABC09BF456EAEB2682C2EA6C7B5A57C2BE8A0B6110BE1B60C066006A52CACA8DC3DAED2D43B8650C88671D17F01B5C0B70AB0BDB8B897E34A22911758C1B45D1DB88C594000D88F8BD5A688A60DC4AFE6C1A442732145B9444D7DA2CDD9FA123A3C5E41397405DA4D954850B828E4951ADBC5A97B31454CC40B9772A1DA285813C8FB80B5AAD29B33F4AABE3FE88EC78E29DC2F4F3AFB957EE7025391748AE8A637B490B8B346FBF87D4ADEB8FC1407C71DAB9D941383CE90DD189287B0C79FC3AA979543D4F2765C3D18ED17DD189AEC1751536E49AB4570DE5B8D97947A4F88E76B0C99626DBF98F757331D68EBBB396C6997F853491B050DCB9D1BE181F87C3FF99A5E52368FA78FE42B22C9A1B6786C7CFCA9B8B366618CEF350934607E1A316B9E74366D1F2C2189AD670486FC4E0581EFB7753319262ED6C230388366DE6DA1AFF96B4E24ACF80197FECE3F311A7E9A6F95F41F17E042F23DF498CBFA69524418848B6BD1110602CFCF9D181984EEADB22128DCA82C81979B95660C0AC2C96DFE5E7439225814C4EF171627CAB5127F063DA3CF4410C8FC8DAC9F555BF0F8CED9A287C8F31515B673BE6F8B691998F9DC926BD168ABD51583C37C8F2DF26C6372457FFAD34A454F44C3E2C99F77783C99778A0CE490D57549176F437B3ADD658B31EB06920ADD7F355072A6747C6ACEB6D80E874B200808DFDA23706F86A82526D97F18248BF7663A2748D4090962A16FA82E9A22463B304F32BE8FE1B0FBB03FE747558ACAE089BA378483641F2EEAD3AF20D5982259AF40B1B3165B82796FE1A87A032BF02ABD11A0400827CB76A60DE2FC152F51357648BED8F42A9246746E9106E006953507027DB272974A7D06CC559D6302426ECA45EDA5BC344802947B941E1B1870D24C252CC7885FB447AB4FA29F8EC4E4BA0BA61F0D2C26578CAB1365DCDFE8F1D6F3D590EBDD15A67791A990DA39AC7E16BD5AD3768AABF8C3336476277483DCC2C68EEEC8A57C5691A243A6DCEDEF166FC3599C86AE2E2CB23A36DA8314EB7DE195A371E17465FF00C7AA0E6D2A516CEB3C772BACD22EA39A6A416ED01635C04EBC4CF5BE3DC9C1014BCAB418FA35FE358D983CE1A3BDBDD48C99B42724237FCEB71932686B9B9FBE9C4CD8AE1A3FFCF3A84998132C7C80E7F2A84646D0BE599592473DE6836DA9226870CE367D80BF9502AE4659092D8C90E5246AB836D0DFA6AC55B9076FC19F285BA2F21C09FA6ACB95FE42D47C1695ADF2A517C0FF00D359979778AC44B205277F9D31133204DDDDF47042BA7FFBD43261BC9DDDC2D5A890620CC775108602A1C4506489B9E18561E6DE01BDAD5051C91B679455DD22E38CAE516E123D57FAABB5F1B5F459679979BBFBE522B3972E26DC80EEAE955879D4EBCB1C325C8232C35BD85EC6C6813B5FC0B0E325B27F976CDAB8FBA65014E926DDB5A4AEB1A45B575A7A2FFF00675D8169DD50A958C3DCB7171E9ED7D154574B2CB9AA1D4F4132EC8638E38D140002ADAC34D0A4B412731FB2CC0EFF003BF2BD16B42F264930581A7302B2638C787DFDDBAB6910C847D9C519220D83CF97837EFA8CA24D31931F93F3B73A59A0C995C6D76C5ACA0EA50095D208E161F152D343CA793927A45F6611AD82B00F26A6D44736FF00F0A8C2580AA19294CCBA3DC4C048D418233008DC0AECBE155A3AB320A70688EE7FB6934718BE19145ECF63A49F878E9DAE192B6C9B899C876C1266B3C3878EE1B4EA2BA8D6A51C108CF2699E64B13D9248A300F65D3759BFD75B8DB8372AF257D98646D867B73525591AFCA8B397B10D71E3EB792D1D94CE848A0F2246F1F1571BCEAFAB3D1BC57214960904DCB90B7BEA9D1D34564DA25E5DF509326DE074C3C9A46FDF7F7D2B259660362711CFBEF4482C1B027E62996607E0BDFBA969120C861DF7F7D02522689360A10B63CFBF9556DB96151B63B15A811CFDD51AD60C129B10BD536EDE11FF004D35526D8BCCAD32CFD9A777027E9AEA795F44E8F865D779E76A557C0EBE9ACBEE3DF5B4601CCC77D308D08C6BCBBEA4D91158AF63E55166189F0E6D7AC8B3041203E56A236402A2C3DBF750E46E10EECD733934C6CC3981BBEA6A6688E595DCF97A9153E7DC29A79B31D4E41FE5AECE8D2D1E55CE6E4C8F3E1EFB80B1E64D39079650CE18019E2E4AA3BB7B79FC5F02535940937D493F4670B498A4404904AD82EA149F2F090CF033391EA37403B06B87C3AB1162C2F6F0E9AE626F2CE99E8BE8E1770E5F2F2A652D0B4B638E538737A24101932451AF76EA7302CD84C2BEEDF5B481B614ABEEA32441B3E930F5B944C4C6BC443FBA96710E98C798606FFF009CE833AC2C2641B6A366D1EC6C0107752138E0B2858515B6BB0AFF0078D616EB355CAF874D0FE0DFB1491CBFD25EC5FED0150CBAB587E6E9F52FA29CAEFC15B7C1320B80D9D8EC068493BB5A8E30DE1E1A65D992BD4301B8CCBF8195A0B01A6CE8CC54FC5A5F8D1EB4A193253C10C8F18598C2F72B66D078783EAF5D3115D4946CEC7D94C8D049A5B7C64EE37ECB557F269562FF00E9D078FE43AD96260F18ACA38BE75C9595F53D0F8D7F60E8A41714A38963209C44961428C498245277F2B519A362D856DE39D0E460E902FF0013FE54AC9921D709836E7CA939C89A0E97BB7D016C2A3E8E3E7CAA4968C02CCA4B23007C0E797C34D71D658BCC836551EA48FCF427E9AE87952C313A3E0E9360ED7B73B521D83AFA3698CD8EE16A61489004A9F2028EA460385A21062B87523E46A2D90614F0DC50A2CD08261F973B0E753723034C6072DFFBE859270D0C79EC9C813604D5A709659CDF95BB08AB368F180CDA01B006C4F6AF5D971E384799726CC8161D4BB88D2F626D61DEDFEBA2BD15F1791F73FC9D201D4DAD368D5311C4C1BC31FF00ADEB136DE41C9AC609A7B346CF9971896B6E3BD88A4F993D60B1E0578793D4CD95C0F571469CCD96FBAA9B05AD8C9BC5DD4D410A390EF80C3DADCC51A280363BC0BFBA99480B61D868E8A018E11C75302CC4F58C921AF16BCE82C3219F1AB4190CD646732C3DC8EFF3A4E4871323DB47938EADB99B8E46A2E2120CE3FE9857ECE6536B11AAC40D5AD3C4B59189963397736DA0490B75646AD57285F437D4BE8AB2840A9B27866D81DA491D743EA474EC973AF52FD55B9AC1A72CA22FB431DC970C091BF483E1F156D2C9183C12BC878CC7A8068E5450491E2D3C34B58B0584264AA6D97686DB8B291E5CD7C2CBEBAA1E440ECFC772B682B091F7EE3543623B884D491F4D26F3726A290C9A06FE152061587F3F2A134492085C51DDCF79A0B8134C92E0319B879D565902698ACF8AB5B7542300899F3C9E5BAF59188393D8D19BE2080DCEDA5BF4D587196C0DCF446327FD921DD708BFA6AEB94B62947C0F7C66A00723DF4875C075F40E590D8F2A3244C6F964F96FA32461AB7772A2306CC273A8BF84186F773DF4246CCC2B722A3266063617DD6F9D422CD10DDA8C4692C4F72AD85743E3D64E37CC14C6658CE26239DF9F8ABB5A63889E676BCB2D8E8AB677A884629D754F21B61A361C2197FDB37C11FEBA5ED7B37544AE76C31CC31A5EEE575B0676DDD63AFED5BE3E3A72A8660555B6353C1DA1ECA5D19B4630F887B15983496D3A48D5D96AE7F93B960EAB87FE393B8F258C58790AAFEC3762255835BD330909B43F619797979D371166C3E28FF78EFA6A280B6170C7E5BA8A903612CDBAA69016212CC77F9D4185486E9FBE8320C86FC5AF3EFA0B0D01A4A73A0B415B23D9F35C5B950A4C62071FFB54D8233020306B8F7D6E2CD5879F199E6804C588206BB91C995AAFAB868E6EF9EC9861F88433A5CD9B780FDB5EDB69F8E3F4506C88584B28233E6B13C86B56376D3DAF0D06B590927809D8CC67FF000C41E2285869F169F87D151B90CD522E0D90DA413E18A39B491ADC35F56B56F4FF00D9551C88E8BCE14DA908CCC378DC0F7EED37F8AB98B56CF4AE14F311926E7DFF00BEA182DD337856F507A08871486C2967236D1AE937EFB0ADE7441B0E87196B52EE193321098CB917DE0541C02262AF88E2F2DF5051D1A97D05CD24BABF33C2DFA69AE3AC30373D112C0623823FA17F4D5D7223B16E3FC0F864DFEEF9D24E3A0EBE9A3B56B06C1A4C3EFA346461811D6CC32987B9EFB0EEADE4804CD1EE1E7414C89AE1A6DF5928983A2E22E0F95FF9A83D0D3915CF49188B5B70248DD7F87B55D578B81C2F999959E4B865931035D8461B53FD2B5D77F3479EB9762D1DB3E911516358EE5F4296F0DA255E18FE0EB281EB6C5E7674203B750BB265C1974978DDC11CA4EB64D5AA9E4F11159473247A71D1365BD5E0E0B8B18E18949FC35CC5FB91D47196225BB83DA886051D6C8AB71B96FC67F0D2D1634EB24790ED4452D8AB73E408D2C69D8C85A5593BC0EF0298C084D0E90C7FC28F040568220A31062AEA2DE758400E5FE3EFA8B0C815D79F9509934C6DC650186436E25AC0FCA82C9A643B386E74B4C6E3F4E2AF6C4CC0085AC6C43D81F2D5E16F824A3D4B26721E11C193639598AB9D4A7B2C4710AE8E2B08E56C96C72CB338EA180B9685BB4BE5E9656F5D424B26AB9E090498CD7129275696D05BE0F0FE3A51AC31C72C8FFD10E1D5E578DAE448770F35F4D0AFF83950EC30E7078A31EF11C9C682FC48DAAABAE8E8B8E21349A6B8D42E011B891C9BE2AE6EE86CEDB8377503964BDBBAE290CE0EAE9DA37C061C93E57A14E43315B1CE6C29DDCED4AF636C4E48C8FF00EF5B8C88330F272EFADE0D9B24DBCFE1A8B5A30CEBFDF5A48D207C74C74BF70D2DFA69AA16C04C8FE097EEE3F3D0BFA6ADB90F60B8FF0002215349CBE075F432150680CD989EB226037594530DE192D71E758401E698EFE66A7189136C2E1FBEB52660E587E47B8DF950720DA2B4E92233704F25D5617F55757E299C2F99457D8391634D6DB81D440F3556ECFE7FD15D7A8E4F35BA7EB23D3E68D23B33924956FDF4750582A9D9DD9776132A38AC6E4D86606D12E18023BD5B44ADAA929CB1165C423968F4832AC18B0407AB5D2BBC7FA2B9E9EE474F52C4493659B2B97B5FAC5566E1D4F23EA7D5F55115442571A62BA3780DDB0F3303DC9D67FAA8CABC0BBB8DB27E90B15826549559A31BB53F170FC2D58E44BD792E9D95DB049D032EE27BA8D090A590C12649BE54C0B1B1C4015B206A2A2CC107B006F4261065C6482E77EEEEA130A013C60836A0B08B257DB5B8CD20FBC587D54A583B57D3CF8F6CACF1A39B49DEB20E21CF869DE2AC81E6BC2393B0F1A49B88B0EE61C357FF000E5DAC8063308D19E6590FE9A2249817A24BB2D882D0B80470E826E779566D14A5B1C31BAE59259D1A631A3C52EEB18E5404DFFB4A4EDF859C0B43A5ECBEF2070A06892EA4F7AB71B71557DAF45CF10C61A1FBB5BD809F55BD21D5752FFBCAA2B76753C606C0E23700798AA9B2383B1E24F2873C1CD6B72BD26D161DB6392622F7B922C376EA55A26C171B2EEDFE544844830787103DF6A2B8E0D84412293E7DAA835830DA55F2B0AC5F0D203C66F463BAFA5BF4D3542D80991EC17ECE3FA57F4D5A723E81E3FC08824B73A55AD0CAFA2A3142FDF43EA4C57AEDFF003150C1824F588D334E63C8D10833EC347722FCBBEA4D910B68FE7416CC14863BDEF7E57350C83C6CAC3A4E63BCFE115D678A388F3CB45519FE2EFA54765140FDF5DBD68F21E54B234C6DBFCA8D3457D7A67A29B37B13875CD72C31715B29C34CF61B83B468B5CEDACECA8475B63F63CB608E80449A385873D5A786906B2CB373C2390B6564DA6C7E62F818FECF842877E2264D48115B85997C6F255A530894B6D8C0B6CFA58CD327C7AA623170E60BD63298930DD48758A3D73B2B23F0247FCF4DCA94C41F21A3A8FA31E90A1CCB0E1D63921982EB970739D7C0DD9930B2F8D3471D252AF059D1C96CB2B64710B0C8157F66FD923D5E96A4DE86E6DC8B43098A247FCA988891F62F196DFCAB6D9AC64AFB6ABA5878B52A296237708D541731D85257EFD276633370C4CABC858AAF17C5AEA1919E890EF86C1E612AEF6553C8A975FE5ADE0C584298BC46618501DD5711005E248FF6B1FC4BEBFA2979E49F7447F32DAA4C446CE9BC5F7861A5C32F69597C0F4BB7A0915D19C99ED77B2493601E423EF63E346F25F4D58709EC4B9ABBC4E0AC163C2F304EFF00DD5D23ABB1C72BFAE85B158FD4799008DDAB7D6BAE08B9E76497A3A1ABED28775A2D4BEE646A05E86B8CC9BF47AC1A676EF5783E47535555DF0BEA4B93A4EC38744B1B91AEE2FE16ECD57DAF45DF1D0CE3FF009288F3D1228BFC4B55132FF8EC4B2FC38690FCD85545ECE9F8B2D8F1FD1A7C8D55BB0BDC1B49011E75152C84039AE6F7E7C34C2641833E1ED6DE6C688A44722B865237F750E4CCC8644F71E5BB75065A09112C4C6743FD2DFA69BA58ADA44B2E93EED39DC22FE9AB8E42D8BF1DE821BBBFE74AB5A194F628AD43C06378AA2CC156A1A34CD073EFA210614AB436C96059390E477D05B3302EEE146FEFAD205FD2B0E93CD901B7896D5D7789DB387F3FFE25218E96EC4F99AEF6B3C5AF7B07D5469A148BD9E93FB2BEAC424739E24185C361D64239B44A9A96B96E468ED38B2C9DDD9261C18C2EE3B979D2B0591DB080E6BD12AAE25A78D9D1CF60C6DA7437C54CC7285DC5321B9F7B32C38A9CCB882B2927582E91B5E555E16D2FD8FF005D391B188D94A263FF00EDDCA9868E081A006166786465D1307F16A953C127634762A329E425494477C1E5F2E9C3F5CA893A163288CEA4D5EA5A4E5B2C958B05B596E1F807CA8C8AF9912DB8C7140552E5CF0A8F89A83261AB443732D9358A3D73485491C4EE7C5E955A9C6013DD8291E98FA5A39685EAF2C6914AAB0C44F2B2F5BAB817A854E37791FC14CC6915B39582B6D97F6DCB88DF1181C4E12072C0E2617FB4C48CADA38A27FD9756FDBA23A85E1CA6D9D29B19D2B4789505258A656174789F5065FA7B68F1F8E90B2B2D6B7DB60B9FE528AED2800191583DBB25BC2CDF1D57CA23F17DCE50F6BDCC0AE026DFB8AA2003BD69FE147625CD7D2270165B97BCB22A2296791955140B92CDC2AB5D3B9F4864E2AAA5D93C17FF004E5ECFF260B030E2130DD4261D608B14ECECF2CB3CEBAF532F613ABFD9FDDD565377B2782DF97C555432559D19622D24C7B861E4B8E775D54CF2108F10B47A18C9CB89DC5BB711B11C478B5F0D527219D271C9FED3C80E20037D3A2C01F56AECD57DAF45DD088FE6B218E309DC2666B1F4B7656ABA48B8A1EC5F29C669917DEAA4FB9B4D54DD1D1D0F0E5B273839AFE7EEAE76ED33AB86D051C0EE3EF14BAB098D93657CE988DA4300988C1F2DD6ED51E3205835FB1DADCB977D11B33A8A2A0B0EEB509B09106C6480ABDBD2DCFE9A72A15B4896030F68A3F32AB73F86AEB90F62FC75A17D5CBFE74ABF83296CCEFA8209809C32EE34291983E76ADA648FA1535A96CC0DFB3DEDCA839C1017C3E1F7EFB8141948C12C4A8BDB7EFF003A2448A229B7D9189622AAD7D31BC87EA5F0D757E2E586717E69699CDF8E4B37EFAEFEA7A3C4B971C481E3E628B2123D22FF00D3DB14F265DD5B2F0A621991EEDBD7C4BA7FB3D35CEF356CEB7C74B47A01B3B08D23BA928AD1676487D9B2BD407FCA9848564C4972FB7300FEEA3A42CD9BA65EA2E6C2D6EFEEAC92C1BFA47B1108D76B71B3ADFE85A5DAC8CC1E09945B97F753305A03FD22B365FD63331DE55D74FD34BE32C665F069CD761E0924EB64593AF5DCAE5D9B4AFC2BD8A3C45A53C90CE95FA1B8F348D56772E117400FE9F8BFBB7A23781695592B2D97E847EC187C4C0B061E749A278446C9F74892FED787C6F276F5FAEB6AE24B8DD8AFBA09F63FC5E031AD3458A290166BC2C9AF81BC2ACFD8A5ED9E472B5EAD1D37B55B3E12023793CCB1AADB164B3A5E0E1EF6C4C396C115504F1ADC8A7F8CFA89F2A3D881FB197409D6E2531F2ADD30C55E2461DA97C327C491D1AEE4392D03E27154597AFB65E756D9EC6A345F7B3E2E3D21871058B43B4BF075750E1B7D8CF235A713CECD86623AF6F285D7F355BDCF473BC64741F402C170F8890ADC685B13DCCABC35CFDDF4E878EC5F6824BB2C9DEC580B1F0B7697EB8EAAE7F4E82A9681F6BAD68D4925B52310472E1FE7AD4FE16142D8560F2B6620EE1BD79F736947ED5545EFF53A3E22D932CB63E11CAFDD6AE4ECFF0023AAAD683166EEBFCE82E014484837F33BEB6910C88CD27B810796EA2246A40F261C5AFE628CA469219A69398E5BE9D8AD128A079B723DFD2DFA68F56D8B5A306117813DE8BFA6ACEFFA0F8EB41291EEDFCFCE956C652D9F6EBF7EFE7588DE02A16E6378A148CC0A98FF007D07268425928F1305F07272E743B23820390900B9E77E4293C64C1AF1F88E669CAE045E85F25C9CB418E9882513093EFF0026EC2D74BC18E19E7FE72D396F68F2E642BAB73585C7F36AAEEA96792F316C61A699587A7DFF00A7E6D3F5D95469A029C348F15C0EDF8F53550F316CEB3C72D1DCB90C9B87CE938FC2CEC892CC2F2A69213906F53CE8C90AB1A339C46907CA97B6581CA619187248F54858EFF234BC659096C704A31D27079535DB085BFA47706DBCF7DCD2D09658C4FE120686E06E17F3A6D0AF4C016272D07C85424C9296005F67C5F95BE55B70C1385B83E970FA2F6B0B52D2419FEE4036FF0030FBA61CFDF42C64723A3937A48D9B6C6EA85406015DD97BCAC4BAAA59EA6DC7B172FB3165F85C2E5D109002F1ADEC7B2226ECEAF5BD4EB6992B23D7E1C8BEDB1D2A1C4FDA821B420AC3128ECB36AD53B7F2AA55871DA4CA7E5C9B4725EC7614D9F7121F42EEF53351AE90871AB2ECD9B99A2CBDA38EE1E49B49B9F0EAECFE45AA4B7E9774C033328C5E0BDC00FAD8DEC34D574FE9795C740AF27DA31881410199577F642FAB57D15A9FC1FA25B257B6D8E8E2922823626E7AC7FA7B312FFAEABED87EAD97BC596C5D734D039DC57332AB323AAAE5A15C1E30B30B7EFA1CE1818C853DC5F99DF41C101079AC399F95492C9A03C4E3B701478D6160090C7A88EFDFBE8D27D512483731C3F0379E86FD359C79EC5AD21F8353A13BF813F4D5DF23E83A3E1BC97A07F03AFA7C14EEF2A19A0C86714368D64DCCD50EA691A9EEB77D4FE134C5B0D26F17EEA858F288487FC3E14117DD6F755737866458C98FC09B91CB735B7725AB1A5E58BF26D4A24D0E0DA1C967B82AD8B644524738B4EBD3FE269AEBF8B0D1E5DE52DED26726F4A8A0CE4A0B00AA8CBE9755E2AEA2878384E522BCAB17B28FE33D01FF00D3AB342B85C58DE07DA948FC51A552733E9D3F8F7A3D14D9CC45D54F3BD2717A2EDB25F86C6000DEDFC698EE22D094FB497365DE473ADFB00BAF231E6F8A67BEADC02DF777EAECD216CB239543015B2EBB8771A9D48CB58EF9CCD653E5539B07561914C0669BFC941DE68298CCA09935C04C180B5ED4D4588CD86CD85B8A65400A60BA6C0F950C9E060CD64DC68131CAD14DF4959A591FE96A59B1FAB4884744795A3ACF2B820CBAA357B728B4F169FEF2A0D106D648274E1B790E0A06870A74CD2A346A01E1C3A2F6A66F8FC089444CD4E7A3853A66C6191952F758822FCD9AAC6A9E0A4B9658C7B3B1F5716B23706520DFD2D5B93C93A61864E764F14643021365EB3AC6FA756855FAEAB2D2E20B248F6DA1EAD08E7766D27E1F0AD57E32CB7A97EA44B67734224326A21B880DFF000F66A574741F8FFE41B8098CD8AD44DEFBF7D276BEB03A4E24764CB1987EEFF8573B9D9D3C568270739404D88BF7D024BB3C040819B937EEDEBBA87E9304F1B8AE7EF15908121AFACB9EFA6B1830916CF61EE49EEA4391209108CEF0BC0C79591BF7D671981B085613B09F427E9AE8791F40D1F04E46EEE5BE81FC0EBE999370EF35144589EA16EF27CEA7802D9F4726FEF1598241986980DDCEA04F26AF259873A8B8E8848946578A1A4FBEAB6C8E19A4C21F4AAF71672AA2FDA0B565C58ECA3E7CF082BA5CDA858B0F838830FB98DE4753BC9EB74244DA7C1E2AEC68D23CD798F3238FB3D66769246B92CEC5BEA66ABFACE6EF592333C76B7CAF56316524D619DDDFFA7861CBE131CBDFF68888DFFD9D53737E9D178F8E8EF0D8FCF2C963CD771B7C355A9E8BC712411ED0190950085BF138EFF856A601C703FE0DB9002DFBAB00B7818F6B639D033C6A64042DD036971F12FAE84D0C54CCF469B78B22B6B528F19D2E8E2CFABE25F051232C1AB6191EB6C76EA25001B024D86FD23F354A4C15543430C19C4654A2323B39B2843AB8A8298CCA0D12B4C2BC614C6492A16E09E17F55351627380F996E7C1C0E408E77EE6F4D32AC03D0FB19373E56A1E4DA44533BC5709F95026C72B4505D2C66CAB0BEA60B7362C4E9D0BDB66AC8C323327D623CF45D8CC0E3B2C7930D8D8C430C4E885071492F89999FC7AFC14C2AB4514B90FB1E7F74BD9E2C5388964EBD95DDDE766BB4BC5FFE3C14B46036E6344FD1CB62043A575B3157908ECABB712AEAFA2A6DE08C63923FD23ECDB6170A119486322AD80F89DDB8A98AF66E5A12D8451D59938AF1CA814DF87857C5F9A92BF458F1DE5127E9099BAA8DED73223145F16B66E26FA342D2552CB2C54F112B2C915CEF3B8066B7D4AB4D5E925A0FC396644DBA3DC1166D5BF7573DE427D748ECF891D960C570C37037F3AE724F4740BE0462A41A798F2B50E048688A3B1BF317A6B2618C4CC4DFCAF5B892118633EFBD4A5230986CD61F71EEF2AA6E4C82443F398EF1B79696FCD5AE3480D855B84BF569E4157F4D7597FD01C7F82B079FF0A5A4F432BE8ABC7CB9D09324E223A771E7464C0B89985B977D6364702BA7DDCA859330639DF7D6CC61982B8B9E607315071C8A5921CE093EF635623512A08F25FF00BE9CE3476737CFB74545D2FED834D8BC49D46DA963400F08589552BB4E357A479FF225B2B3C4CDA82AF7DDF50EFAB78AC14563D8DD8CC3F21EF6F9D1D3C09DD1C9DB5FFA72E70127C440771FB87B13EAD7557C9D975C35D627A1DB3193AF5D32586FD4CA3C3C555911F52C307E91F56130C7150AEA10AB33C4A3533A2F6B4FC752355CBBBD95D6C57B5660F10BC054B83665D7660DE96D7C68F5981E5C78BFA58D85E94A293C248037905596B58415F193F8631983C3620892332C53DBB7095D4EBE9955FB753C213955283121D1BC44F5988792670380CA9A502FA557B15BF5A44BD8BFD0F5956571466F1A2AF9955D351D231CB23DC5987954FB8ABED11BB1D9918DF58DCA773DBF5547B928AEDF4737CE2EB7B822DCFCEA4E6694086ED067572546F36DFEEA0B9075138FFDB136A1A2C04C01E39CAC4963CBADE16FE4A7B8F2D0B5D3FD7072FEC9E0648A38E18F113C0B26A6C424333449227C4BF478FC75394F2CA6AEAFDB247D707D74A4822CD23471A9E4225ED49FE1FF00AE86B487339D1D2D06D343838F0F878F49775592563A5BC3A16ABA566CB1A6ACA2A4F684CE1248E25437114EBADBD4DD5EB6AB1A2602D8110E8DD4CB87EAD77969B55BF176685CAD8C71DE09AED56390CC63F0E16064537E12EDDA65FEEFB149606D3D95A7D9FF006406E0C19B7569BD3C975C6592D2D92C1AC70AB6EBB6F35CA7365D99DB7123843A6271801DDDE3BEAB1434582FA34E2715CFBF7D35080C1A231DFCBF8D4DC4C0FCBF79EE34BCDB44B24A32ACB52E2F6F7D53DD6C898F6306A0ADADE2E54A39368DC04B1F831D5B93BCE86DD46E34B60EC2A8C3C7C118F813F4D765C87B14E3FC1C60C28AAF9498CAFA24FCEDC856D056C166FE346405B368147FFE541B2380FEAD74F7DCD073B33035CD873F2A690291BA62085EEB92BCCD112C9597319BFA618CD72C2E8DAB55F9E9AB9A2AC1C97365A2A5CEA4D72B5CDCB33127E266E26AE9E9D238DB5658DB0C23ACDD6234BEFF00A569C72D15564762DFD1FB959B71B5C7D2B41F67FA0DEA4D166FB39F485F62CDE0763A6398756E7DECDA919BF456AC5989A8CB12C1EBBECC67C19A09C10448A8AC6AADAC16B25FAE4946D0C37591371043587D55A46A85939AB6576072FC0E3A595B0F134188667C45D3518255E1D4BFDE7F251D2C8F4AA97F0E91C8FA17C04914660B28111BF56F756665E1697D6F5BF41532E7CAA1A711D08E2E208D1CA8E4B2DC30D3A1BC3C4953FC7616BF2D097D31996C2E67AC2318D8E866B076DD5B7530F1E7D0C8D63767F318A1598465EEEABD5A36A7D5ABB5A697950C723CDE395DED574D189C1275988C34EA9A954129A89666D0ABF9E8580DEC85BF09FEC36D26231B1891A031C4C2E35F0B69F170D0F02B3875F8489F0AD1C5CC9166201EE5F0D602C8C1361F4C45D8904EA22FE9ADE0CEC79EFED63B703159961B09180C91BAC8F63F1685AB6AEBC229B913C3C151E719D30931652CA5024096E7ADBF6ADFE1A543A6CC4F08030F9B2AE9B59800A896E163C5AE566FEF2852F81A111ED36B0C93891B79034803B21178DBFDDD57AAF2CB18DBD50D7B438C69B0E8E6C5A5C4CEEB73C3A556AC6B8604A567661FB019A7D9F0C64B02C0BE820F8F5685A15E315336DB793AAC568ED010ADF7F376E366A0A8E83E7621805D403F3211554792D57DCF1A3A8E0AC93FCAE62A815AC4285DDE55CCDEB2CEE288E11B4EFF002FDD42486A0B60A2DBFBE8C828BC2BFF000A1CA460F592E0CDC777C85276DA8D26486350809277DB7556BC489E4086D432DED6A623C6CA09005C5ED23B06170381BF4D1EAE324C1CC8F659979D287BB421FE5AB2E4CF62BC77A0F9AC06EB934AFD1A4F6012B7F1345489B403349BE8C901685E3939541A37161A9C561CCD05E8C61272FBD87779DEB4A5B169C88E674C2FBB7005AC7E9AB5A11596488AE5FC4F2F7591C83F0D743535A38CE7648665F93EB76F95C5EACD5BD522A29A9C988E032DB3CA0F72383FF9F8A98F6E508F2B8F866D88C19D206E3C2A2FE7C5C2B4184F627D1A44CBA32D815C4CED1960A4C5208DFC9E25D6ADF9EB764FF84E35F4593BB7D943A546C5E03ECF31D389C2B343229EE78BC5FE270D2F647283D4FB33AAF2FC775A91B1ED18F49FA9680998FE94DF48D8330CC18806095D75DFB28FF17C12546523A0E1CD25B1DB64B387C39D58695A3074968D86A88FE1A3576B1ABF834D912D8CBFDA064509D761C9BEFD51B73D3F03D3BEE6725678384A4F0198DF68886E0F552EF5B5C85D41BD351F60387869221B9C74EF3322AAC014876BB13C253C3F43D43D83B0F10C86E132BFB748AF3FDF00CA42B7EC832F65957D7436C6DF19525C995E042A05DC4916B01B91282D88D8D4869DA1903C82316B0ED5BB91686433B295F680E92130F048030554466737D2AA8AB4CD75E485F3C23CDCC93683AFC46271D20075BB3206EE8A2ECAFE3AB09BEA8AB4FB11B9F2F3A03C975323BC8C09D3C4DD9A51CF61944639F1CBA8E93C205BD274FAA8AA0D928CFA83E3738D1180371616FC3FFF00651A34E760ADE420FC4E235242AB72B1C0CC45F4F1CADC5592D12A879CCE4D10C11A80AE746AF7B3370D28D658F33EDBCC76BC5CED7B8408808F52AF154D474163F474D9952C918EFE64F9AAF66A8B98F0D9DC78D8E91604787B283DFA6B996F67691422395F75ED58328F877775C561AC0E3808F952D33303FE171C01DDDDE5484EB6CCC006639A5C9FFAD12BAB08CC0D3236F3DD4F45682260F89908563DFA5B7FE1A62A596066C7D81AD147E7D5A5EC3E1A5EEDC85F8FF0647C6F11BDEA6A1A1A4F60F36209F9034448C730693117BD19202E6118690903CA87344A2C73C361CF3B814AC9856671988600F9F206B211D8A4D0CD8986FBD8FA8FCDAAC212C1593436E5394A492B2DC2B757A81BE9074F696AEE86D9CB7909A42398EC1B43ADFB94EAF9A3765A9C9E443896A226D61D73D89BA2A8B7A99BC546AA595B21CC591A638EF6BEE17526DDDC5468FD29E512E4E8472F569E565D568E37D1C3ABC3C54ACE5FB115FB208C37484D94E6E316B7304E163C5AAF64376164FF000EACE11ED12B6563AE47A2BD0FED824F0A3230642CACA41D4A5255ED524A03D1792779F642B202ACA0AB0E2561A94AD42511A8D9D480CDD17CB11D5867057988A4D5BBE96A245A2E2AE5C31B0ACD7ED4CA04B877246FBA69B7E54A2B920B1E4D791BA7C44EE155308EA46E1C2A9F8A80C6257C518C1F47F8890FDF308D6FBD14EA63F0B350C4E5CD48B1323C956250AA003DC2B3251DF7BB09066B8C1878AFCE46DCABE6CDE1AC158419546D86DB261616D4D795B7B107C5E9A8CB434A079EDED55B6B88C542A56E98496664EB18FF00F332276962F5A47E3F06BAB0E3C84398B08A77278CB698C58DC2AEE3C2A8BC6DF8E897314AE20DB6D9C5E46048246950A0F0855ECEAA1555E761A6F04156602EE790E40F8EAD2302B2E9E01048D23F9F901F570AD1FE2138B7264BB21C39925110B12EF1A6EF4AB556DAF05D523F676CAF8F544B948D96F7F4C5DA66FCAD428AD647DB02CC706CCACFDF24BC87C5E1A8290782D937D9ECB4AA8522DD904D735CD9ECEFFC62D130792CB63CFBAC3C354075C9081C3F2BF97756B24D096EF954D05C04A496037FF0A8491983271447EFA8A8E4CC08EA279F3A9E12F8618FFA56D1113C4A9D2DCEDA5BF4D1AAFA0663BA623EEA31FD9A7E9A5EE5FB01A86D183D4493B85494B086242470FCC73DFCEA5D817513930BFF0096A9C6467515C343BAD516C221CF012006C77D2D28E42203CCF1973BB78068B0AC5F036BE2811637B8E54F4202B3440B68B3878E50E97055AE0FC5E25FA1D2BA5E1C160E2FCA2D0E1B45B75D6A46509168F4BA93CD7D34D4ABD9CAD76756339C5030D948E21BFD4287D3AB2DFB268D2084D80B107877D6772B6E592F5E8132F3F7CEB75B40C096F56A5D5C3F452CDEC046244369D51E692292C6391594EF5F57695BFB3A7E998B5B12D3F61FE9A3ECF8D93299DCB21D5F65763CC2FF00B1FF00B29FB2198E452BB3F6C1E8E655980651F86AAA2B0CB496D121C2616FE54CA402721DE3CBC77DB7515217ECC1317835EF0050E500909B1ADB0A05FB80FF003A4E5118EC07F6A552CE772817DFDD5BC60D47654BD2174A91C5AA67600AAB08D58E9B7F68D4B4E6351A8A7B01B078BCE5FAD9CBE1B2F2751BF04D8A4F169F1C50C94BCADD0DB451DEDC91C67EC71C09D5C786E0863416509A7470AFF694E712ED959CBAB250F80D9B9238D8042D33786EAAC89A7B4DE8A6E56E45E35608567B96E836E17722FA54DD45374EC5AD5821F26119892DC81DFF00FB6AD2324524D361D9360CB36E1BFC02836483575E4B0F2FC97EC3AE6985A411288D4FF5B2F8BFC34FD749FF009B2DAA87AD0B7473931759A771769475517BA495BB4DF076A81C97D56107AA3979263D25E4F1473E0B0C8CAA4A6B77055943370AFE9A5EB8B511F524D8EDB35813D5857B2C91703AF6B5F8D64AE5F9BB93C1D9F8D97543D491ADED6EEDD6EEAA26CED6A79423361798DC6D5B8934F637361ED7F9D1BB05426CD52268C3F97756C8B34AC20C2B0F1DC8DF6A8B7A368573084046B1DFA5AFBBE1ADD2F606634E03187425CDEC8BFA69EE4D6B206A1C70F722ABE5A18906C31EEB1DD407237912C6DB90B6EA24646640A18CD15B348370D87DFDF734094F0484711949248DF6F9512372078067C874917DFF003A615E2B3225B7BB3774D60136E76157BE3B919FA73DE5285D4AE182A83A5838F491A48F85ABAB82C9E756470F46FB3D8C8F5B2C97034B15D3DCFE9FA2A37434461C825B9CE7B1C6F87E1040747902F7A37696938D59327764BBF6673A8A3C162CC6D6242AC4E7BD25FD0FA382919C43C594EE7D98032ADEE46A617F245F153150BDAC8FE7D983C78883150704913A32BAF6BACD5F0D5AD73ECB655A8E247A2BECF5ED59063634495D63C585D3246E74EB6FEB17D7484D7EC5DC7E1D5190ED3230043020F2F4D19009C49147B48BBE8C85BA896679C2D81047CAA3264E1122F9A6D322824B0007324D945272633D0E74E90BDA09B1388FB165B1C98D9EF631C3C4BABD52CBD8448E949CC6210C130E8DFD99DB52E333690627137D698553AB09866F0AFF006AF1FAE4E0A5B19272B7A967ED0C602B0E4A06FB70F0D2F38E89C279679D5ED25B78871EE91DE478B849B2B08DBEAF5D1B8A82DE93442B22D8F79B0D792455599BB65B49D2BDAE1F4474EF5D95F19155748794A433755092402A0971C6FA7B3F824AB2A58ADB1C91FCE72D792C91C200555B945F17899A9B8CC425460336670E70AE19E30CDA7853C5ABD4DF050AC9642D70C09E75B472E3F12D2CCD740D76B0B227C2AB47843AC726A56767824387DAE5830F122D813A99FD488ADFFD4A4FA7B25B0D3B3D712191ED234988333DCDCDAC7B93C2BF929BB2A4A3823C4B7B32EDC8B691595779EB15742B7F5A9A7F672FA1FE3AE3F915664769C7BBAA1F3059A2B836DC4F84F0B06AA1B69C1D9F0F91942A63EFE5497C2DE2F26A63B83E75990E81E4C3D11489A077A29166A64E5DE456C8336188E47DF5BEBA368571988BA31F256FD3594C760663760F4144FA17F4D3B7A6983A25A1DB07201CBF71AAEB2213B6C5E4907EFF007D011B30F63EEDD5861B431EF1C88AC6C98F90420004017B521633045A420F2DFE7E1A242299090C7B478A611964B3302A4A36E27E96AB8E1D716F621C9D22BECFBA429341468800771BB57514F0E2A59C9C973796DAC15B75FC7AB4800EFBB0D42BA05851C1C74D36F22D9AECF8118903EF3C879FD35B8599D15F6D5D4027CC2E556F7165527BC515C33B2BDCF0C9E41B5124585580F212336ABF1146ECAFD1559386596519E10D19AE69BD06E2D7D22FD9D2DE2A2D702329E470C7E902122C00565363AAECBE2AC6B00E52D9D41B2BECD30E6F97C18CC24A7098CD0A1C13F75232F8B83B1F5D233B705C57F04B2A876BB2A731223E2D072074E210AFC2DDBA9AB90575A64E72DF696DA24004F934C6DDE91CCB59ED271A10FD07B4267988E18726C51623C624551F9D282F90D857C7847E0FD92F4279F66D6FE949865D82BDCE170EDF7D32FA5993B143736C0BB547E1D2FD1BF45B83CBA211612148C01C4C071C8DEA965EDBBD6E30139DD925B8B5DC68AE22DF4AC7A53DA010C133DC9EAE372401F0D56DACB5E3A3C9EE90B3A12625D88054BEA60352B48CDEA6A738C47924B766330120124808830F1ADC13A224D3E1D5FF009AE9CEB92B3382AACC369A16C4348EA2762CC5509644FC4DDB7E0A6610691BF6A44B70DD3062000A987C24034EED115884FA5FFF00A9448D4E4C15B7AC158ED36D275CE550769975393BCFC2BE84A7A35F4FA55CADC8D418A911EA017535EDF0D49ECD4260B8FCD8952BBB88ADCF7E95ECAD4A10216CF27D95496EE04F76AECD42D435C57B2D1D8CD9F965643A9238EFC5293C217E25EDEBF4552DB14CE9213C20DDB1CC1B0EE2CCA56D60C9A958AFC4AFDB7F8E945C6F60CFE7BAD85ECD6DA2C9B9980EC8009DFF008AABAFF1CE3B3AFF001DE52125B64CA0C70EE3BBDF545671DC4EA7D95CBE33E18ABEEA5FA606A0F02537BA8A8D0396E5FE75330FA3DFBAB1FC3485B10A74B8F85BF4D6EAFA026376130674279F56B4E5F2590542D0E5878EC013C8521379098D9F1C703EEF2AD740810F8CE5F2AD7ACC36EB2D634371263CE07184DBCC521640C17CC63DDDF7A1D5AFA42430E772054E61491CCD5C7133910E4FC29CCD1916425DC48A4F9F10AEEA84E513CFB9F24A40198E39092A134DBCC711A62106D95D64D2891ECD73466241B8B05B03DCB4ED74E0E6F93C819B0721EB0771D5CA9DF88A852CB2578FC716D3A811E137EE65AAFE9B2C9CF0357DB2EC01BDD5F50FA7C4B4751C222A648A2C45E25D360C1F7827B1C5C4B4B4E24E32CB3BAFD8B36A3EE8C408246F03CFD5FEEEA8EE8ECBD8BFD4EA0CDB0FC6185C1E1BD0520CB24BF2298D86F36A32890958D1288F106DF3A9F5401CA5FD3466BF9D8F3A9AC0272FF61B86B5BB89A2441346714BE46C3BEB52612073BF4DB9A28827524D8ACB603B3A74D5258F65D508F3C317B36AF33960D68D59ED7D2A19BB2CCD563C516E5110DB6DB4FB8686304460AA9B70ABB2F89BD757354725558F08AB70D981562DBEFDC6D765FA7E3AB050FE14F65AD315C5679238080955F15DB79F899A88A2A02B3B1B014C0117D440166B1EF3F4AD4D3EC2FD998C53586EB827CCEA27E2F82B1442F602D773F3F754DE88F66D928D9FCA5CF663663DC6DDDF4D57DD32FB8F027F97665261EC512EC05CF58752269FFCEC555F6CB2DD69117DABCFA4C4B6B90191CEE0543050BE95A72AC4456E7DFE11FC3E1181B9250DF702AD4CC9C640EA5387C26BB2DB4F22B85662E9C81039551F338F1C68ECFC75F637B6594931DDDFFBAB9594367A1D167EBB15698FB86FA060364C3497ADE0D8A249CBBBDD517F0DA14C449C0DDDC2DFA6B757D01316C3E1F8633DDD5A7E9AD5EF64287A16C5460F2A0E427F46C183DE68DDCCC1B98F954724D0ABC9DD50466470C0620EEB6EF3A5ED466473C4C8771E62948AC9B9118DB4C629858B0ECAB1ABEF1F5E6473BE42CC2289587AC737FE0399AEFA0BAA3CFECCD922779464E1E167DC5E20AA7DECCBC3C54B76FD815B5F4455198BEB2C77071AB529F56AF0D5ED4B08E3EFB32C6FC4C6785BCC73F897B544425264CB1FB411B9C28D1758D3538BEF919B83B540EA37ECD11F79034E40B0059BBF86A5D413B073C86EE6451BECACD6274D2D62D0E532D9D6FECDF98180E1B10BC20BAC6E2FC3C5EAAE6F91F4E8297A3BE82F588AC2C0DB9F69A97189126C937A8BD81FF8D3B58A4892AE1FFE1C8513A8372164C1DEDDC3CAB3A83723678C0DFCAB1FD369E50DD9C66568DC2EF7D2D73E1143BA7A094AD9CC7D2BAA30584B1665FBCC5683C4FA5BEEB0EBF1C8FF00C9549D8BE8C4E35E97F19D5EB43C3239FBD2BC2BA3570AFD1E0AB1E24B607931D1CF9B513022CBB975DC79F67D55D253A39EB5648FC583E12778BF22031A71CCAD95190BC32B283A612CC45F5B6A723E255EC549B4C55D6D00E608EC78CB16EF66EE5F4D123840DA64FF00A1FE8B06319B503A579B31D28294B6E68B2A38CB0742EC7FB30E01B56B31B10EA154C92027D5483E432C2BA1265838FE8CF2ACB62695C2823852357D734B2F86355F5D2CD8EAD0DB92F41A73171362DE386206C985465D30AFFADFD6FF009286C216EE55D0EE5D15A38628CB22DDE42ACA819BC2DEBAC0699B62BA1F8194AB430CC006B8648F56AF86B3619328CDBBE80D23D4F865EA4F3EADFB2DFF0063D25741B2DF87C849ECAFB35C8F110DCC91320277315E13F4B554CAA6771C7E5D7D76C6B76F3B8BF75B4DE80AA63F5F22A4BE998BF850E51686ABB14DE82A3E54090731896E17F7AB73FA68D50198ED83C3931A79684E5F4D297BC485F8FF000C9C39FE140CE8657D3768F50E401AD7608D03BE1390153520601898EC4D3312039657CAF6B9BD2B69B1FA66BC7E56F2A4E3A372D95FEDA59A374DFBC5C9F896BA5F1D2EACE77C84328AAD32B676E006E39DB86BACF6E11C73AFAB24796E3BAA8678ED63247A5C93E964656FCF4184B3203C8DC4AAF68B0E04F2006FC7706DCEBA7AFE1C05D0CC8C61D6EA53CCAE907C2DEAAD67663AB40526B46B10415DC411CA8981660B33EF36DDBFBAA7800D927D8B981C428361AD5D7513E2D3C2DF9D697B61A1FA25B3A67D9C732188C26263B812C47AC503EAD7AAB9CE4D7B3A7A1E8F423A29DA0188C242F7DE51437D55583722C5C043BFBAF4ED62921FF0B3137B817147C8BB415D6797F9566483436E6B9868160A598F203BA8367D0F5C744236DB6ABA9C3C8FE4349DFC6F2B7856ABEF968B0A2BD959659B0323AC8D26F94AF5877F109655D7A9BE3D1A513D14928E8B24F6709FB42E0C99A799ACB189BAA55F3781535F17D6D567C45B03C97A2B2C3ECDE1C41F68C5B1459353430466D2C8BFD637A12AFE273D6E88E2EDE3A2491C088B113AB4B052E17EAF5D391864AC95F82350ED4B1209B960784EA603E9A27A84E3C94DE09A6CDE590CF8ED131051906E0740D6CA3B3F1A7F3D2F666287A0948E9DD83E8F46096208CB2E1E4740E42F1696ECB7E7AAD95D92E6AAB45F383D8B58C971BC0D3756D5B9FC5A6A09A64D430C8961B62E3C6E6734EE418307A62811876E765FBF93FC3AD33459AFB3F1A582EA2C42D82E9F0F8A86C9E40CC6CB6D0EC0DD8B6A3C3ABFD751EC6D4449718E2CC2436D5BEEBCBD559D832884CB1B489C415C1D5BC8B81E9665F056DFEC414B1F090ECAEC5C73B059E349A34D2017456B37C3E84A9C78EA44656D8BE32D59BA3DC075611B07856DD6D3242AD6FC4F4CAE1AC0A47C8DB0FE9C7DED59ECF30E0D463B05198A0D4AB89854B3244D2F6648BD0927A2A9395C6C1DC788F28E5A6CE6C8E4FF002DC4573F3583D0632CA36C535D5BE96FD345A814C92E023B4519DDBD1370FA6ABB93FE40B8FF0004DD8FEEEEA07F0657D37486DDF6A1F62628959D88B1931B0DCFBA9E84CD0AE0F1DA7779D6A70C9838CF9A00A4EFBD02156C42CB5A203B4F88210B1E6C77FD35D2F16B2939727240794E1C88C69038B8998D1EE7965642118FD19769312A809DC4F26045855A71A2F451F3A51D956666AC1CB1045CDC135D3430D1E7F34E2C70CBB0A64B103F877FC340B1F419ABF71FB30C8C3460B5C3A9D3AC8F0F86815F23616DE26880E2F0E55883B8835715CFB2286D87562F95622CEA4F20687647212A9E0B3BA15DBE6C1E611B0DD1B33452293A54C72B78AAB3915E8BFE1D9967A7BECDD8EBACD87E12237D68436BB232F0F62B989AFD8E864B474161A122D6DE3BCD36BE0A490661F1DC80B137FE5F5351320B01698AB79F8B7D6648751B71B880A4B936B2F31DFABC348DB31CAA0555149F6AC51C4C9A170785768E3563C2EFE293E3EAFD7483964B58C74259C6D8446399948605D897EC80BD855D5F454AB7D340FD7D9E4F377A57DA8EB9521D37D78EC4B92DC845D77857E8AB7E1C72F20395675582A4E91B370F89988E1456D1183DC9170AAD5E55039BBEDD105FE912AC19490C0F3F3AB18C708A1B2CCB149B1CACDAB4053DFA45949FA6A780507FF612ED80C75B1B16AB9122E837F532F0B7E07D348DD1CC4B6A67FF0061D75B179A18924C3CC4DA48DE489C8655D7DA656FEEDFC75CEC99D4C568BE36433892482136B928AEEC0F096FABF0D4E3221288AEC760C20914214692496426EBDA66E2AC07D495ACC48237137B70F7FE2A984C0D58ECB585CEE22CA74F796FABFD1503144699E36B758A08522CC3E2D5584F04B7673239748DC45C6F00EABAD4D4004E582E2D95D93112073B9C8536F2FAA9FAE382B676921C259585C03DD73DAA3458931B76FF0064E1C6613118774FBB9E378DC5B96A5E16FAE37A5ED864B5E05FD248F2873ED9F930B889B0F20E382478D89EFD2DC2D5C6F223867B378F97BA3D86F9A7DCDCBB0DFA683532CA52EEFA8FF8093EEE31F027E9AAFE4FD03C7F818FDDCAF6A49FC195F44CC96F9D6B06C53B87327CAB3A9012930E083DD6A2474486D9545F98B539166199F2FBC7239242C697FC4D46A965949CBB5448AE3B66710F089FA993ECF7D08EC2CACFF0FAEAF6AD147672534238285E38999EE001B85B50566ECD13AE64545D6348AFB39C4759348C7F6718D4DBFC2BD95FAE47AE868AF11397E44E5260098333891DC1BF2504E9B534A7D0AD9D5D8638B1260652ADA877EEDD47EBEC421297ABE1D1DB39B7B96CB8251A53AED2CB888D8E972BA7B49F1D57CA971658D7CA53451FB5FB308CF23C0E648D0444DC718D7E1FC14E533C68AEE54132153E1DA36B1B8229F4F255E3048F626159312A1885121D373C833527CAF85C705ECF483D8AF3A572B19063C4C68D0CFA5BF69D57ECA4D3FDA2572D62FD8EB9BD1DB2F93EE0C1DC8B5CADD56F44FE0A49816A5D4ECBD853A06FE6CBDA6A8E4CC184CD2C0F2278B9D664275217B559848C93143B80D0848E12EDC148D83358C98CD9B48A0646BB109D5A293C9BC4DA696C0FA641F33C3F018C26F8D56C0F245D3C523546BFDE580BA8C7279A1B719B3E27192AADC471C92AC653B4CBD676757D75D5D7155432504FFED960DFA59E88E7C1A4523A318E48D0F59A783532F65BD0E944E2DFD9E0AFE671F08A83111EFEE3EF15799D1CACA1B168B066DAB90BF7EEADC9E8D463FB929C8E72B8DC295B5D5E01BC6ED5F15272DC596157FED3B9F3ED8F4FB2C7235D2588A2B2B7144EB2F070B7A2B9E9C4EBA122C1D92D9531C61506900F1156F17C4BD8A12411B25B1E15958092CAB75B3A0B5DBE25A2016C91BE4BA5B58241E4483E1F0D4C1F6154CBCB120EE3C3B89E7F154FA1B760AC1B2E5ED1DAEA24B900786B7D01BB4B7767F67C594EEB0553CB9B53D0815B3B723F4BC8778E54CF5C09C9E41F15FC47FC287D70161B40FF006ADE79FBEB3E9B8699C61EDB5D1388A65CCE25222C4154C481C967D3F74DFE22707E0AE639F4E0F4AF07CF6BF46727E26D66FA5FF4D535513B793E9FB8F9B3FC4AA7E04FD3487374C251F0706DDF3AAF41D7D1646001BF3EE3513011E6FF008F9D11448896264E439DE8F0584465B608D87371F3A2465B2728E1128D9BC8CE29FECA01218A33E9F42B6B6AB1E254E6CE2FC9DCA08BE7A4ED9331E121772AB0C48AA88ABAACDFA2AEE50E88E52BBBBB39B7A57C9D530C66125D18B94554D2A74AF0FF003D4A8FA6EF79473FE6D97BC38689994838A6EB2FE712370AFE7AE8A0D7C450CCD5B0EDA62B7360CDF36A847E80CE889E216C0F23BD94EFE4D4FC0AABD8D314843020DB7F31DD4DA5A2A9CDE743AE1730910120B59D594EFDC5680B191E5293448B1B97FDA622E82EF184D640E26565F17F7742959D1EC6FD5EC446B2E8595C58D883CEF6B51672EE8CA2B75B3A37A07E95B1183C5C5888DD1E4B2A488C77489E1D4DEBAE57975F5793AFE34BBE8F477A3DF68D5C7AAC054612429C65DB523FF70DE37FEF296F7656066DA3FA5938AC42E858E3DC14597FEE6A92126B035B6B2DD5F3247158786A120916356D8668238580B00A11EF7D20696E2A526C62111BBECE6508D7D0AE15AE4EA6D1DAE1FEF3D725050768A3BDA6BA508B09817C3E15E3334CAD1BB13C611BB4CD2A78FD14D52BAB326B27186C4642B0CAB2CE2C236590EADEBA7B6ADF1D583B33A03D12D8DBD30F4D12631061E3D430E1DB9966EB5BD4AB565C6A3A6D947CBB7BE8A826C07560124331172BE8FABE3AB8EE8A2F4B1787222A9D7486CBAB814F6E46FA7D15A73CB04EBC05EC8F1632366DC4C88C028EFD550B5E83F1BFC8F4BB6BA64930D854EE924C1EBD5C8A76F4FF002D50CD9D345132CA3022E74F252A8403FE9A0246E4C9449958910A1B8DCDA4DF93519206877CB30E19177581E03E61D68CA20263E61325E4C002473DDCF4B51D445E56123C1E4EA08B5EF7DE45192179584DFECE1405E5737F953085722399E1C69DDCF9D4CCC8C3ABE47F7D0C92126EFF0076FA1E03448FEDC6C9C78EC24D8594031CD1B26FED23785BEB8DF4D2F6D5DE25870F92EAB533CB9DB3D9793093E270B28B49033A37BF4F6597E092B93B2BF5C8F5FE3F2BDF520DD9E92D1C7DFC29CBE9AA4E6FD2D28F81B3B557A0EBE82B73EF37A2246093DAE37EFBF2A2244049E6B30E56A225A33E0EDB3D97BE2A64823E12C789ADFB34F13535C7A7B32A39DCBE88BA7A24D9554CE9E25BAAC585455DDC47D5237F795D371AA503CEB9BC9769D15D28EC8AE230724016C112C96E150DA7B54F591EC8A8AA5D59C0FD2464F2756997DC9738854373A9475ADD9A460F0CB396D0D3ED67B1A3091605115408A18A2361CD97B4D57543C9517E8A3A4C41310724811A32A051CDB55162B624C8BE3B06789B7EFDEABF0B2F6A9F832AAFFA30EAA77F857FF4B0F2B8965C0B8362D1EAB7A8695A47E32EA0A2E225D1B6746391948243232903E2A0DF0EC4F8D2FE07C1B367118A48E304972D70078BE9A5DCFA44B3855DD9266D979F08E35A5946F72E2CA74B7656AB5CD5C99795D7EA3A1F6231CD261D1900009508F7E0D6BF1781E3AA39AEB22D6189A2FEF670E992492793038C244F18BC6CFC2D2A7ABEBA9C66217D783A2DB18233248458346B63E4ABDAA9B98B422533B43B786798755199903DD6E380B2F65BD72FE8A4A4CB18C5026D061F1D1C72492A8587459D95B4BC6BE9D3E88FFB3AC4634718ED649F69C534CDA9A088D9358D2B2E9F4FC14CC646F18454FD236DC995987204AA8553C3C3E15ABCE3D3DB650F2B93D5E119C9BA3F7108948569A63648C371443E9F5BFF00253165EA3A429557DB6039CE4F160CF1E9C46288D42307EEB0FF0014ADE37A3D337307747A95EE759C3C8C4B1058F90D20558461B28ED9E893F433860730C3EB1750D76BF67B3C342E4BC44370D659DD3B2D9A3CF2E186AB4586819997B7A1BB116AF5D73CD9D4D65F1B29939EDD806278AC1B4EA6A342206E782769B3E6C3BAE79DA985115560E5B3B968E3041204AE41BF8BE9A328819CC996072DDE2E0DCF3F4D35D4564C72870A0067EFBF0FA74D6605A42FF6AD4D7E605693347D8992E0F3FF00AD4D1846719259B7EE16B1B5682A3383901EF008F3153C0689A6221B1B8DC3CBCEB31889A94B0F2729FB6B744EB261DB33856D342BA312147ED606E0599BE38DF82B9FBA9EF23B3F15E47A2C3392B2CC65A38CF9A27E9AE4F935ECF4FE3FC155C55FBE9271195F4D2494EEB122D5B5830DE08C9BF7FEEAD3C186B8A8770A9D6CD3588973FB3D64EA91C98871BDDD51188E4ABDAAE8B834FF004F3CF2F76CB5FA23CAC8CD7319AFAADD546841D4C174EBAB8C60E3E65C99C6680E18C8A751D5A48F5BEAECD4C0A395F6F7646D8F8E522CECCD2851C87178AAB9C765829E80FDB5B6344F97ACE2C5A2101DDD909A743558532EA2372C9C379B46C30EB18B0B0676B1E4BE9AB0AECCC8AFB7E0160BEF9112EAAC9C17274EB4A726F456C9648EE6797686D371CF781DD4784B22D28076519998C3A8DE2446537FD550986AE7D51B6CDAFDE8E638977FD342B8678A99D25ECBBD1E362F32925160985C3EA24F3EB279342554DF3C2C1D271DECEBCCFBA158B149D4CFC89B200BA7AB6D3C2DABEBAA16CB9ED929DD97C1C7838A6C34878A3C4F5563D90FE16FA24A9A36A582C2CEF27BE3F6731708D334B3F55269F1A697D5FEEF4D022C959B2F7E9033093112458588954BA8C53AF7F0F147FF007D42C606287ECAF27870C8AA11541F77105F56AAD451A9B2B4E9EF6D23488426C5E546EAE10DF7A57D4DF054DC32642583823A60DAE654EAD6D1AE9B055E163FFB2AC78DC7DEC1722FD152607232019A5B80A54051DAEB1BB2BC7F9DEAFF002A2B450CA0E6F2CE8F8F0FF65CB5679151712F1A2C0E77F528DE2D3E39A4AE7ED5991614471139A769198BB0018B39D46E2CECDE266F455EF1B48AEBDEC8B2E0F79BEFB721E6DE9AB1CE0A8957965EBECC7D17B62F1EA7795882BB902FC6DD95AAAE44BB16BC6AF08F457A0CE84740695D40EBDDAC48E7144DA1557F9A958D4312BFA1D010ECFC51AB6E005BBFF555842384252B3D83066BB40AD702C482AB603F9A87246E30C06EC4E14B2EA3BCB33B01F0F868D581B19306C3D909EFB72A3B153EC6B00A072016A0CC053272B73EEAD1212EB3E608E7EEAC3061CCA3DE7993DDF4D6D134C4B0126F3F25EEA9A0C9874CB71FF0BD6E488488874919589305898C80C1A095483E35D3C4B4B341EA783CB2CBA4E08EFBB817F4D709C9FA7BD71DE83F0D1FEFAAD93194F61E916F1BB9D0324C5615E637835AC986ADD903773A9C5E2402F96227477455B3E27CACC40E9709D629FABFF7D76BC47881E55E5A4DC870F660CF18CD98473022449A20E7B37FBBFDA7E9A7195325A2CDCE314F8598EA0461BB440EC8D5C6CD436092221B0F884CD24C7E26C3AA0FD4E188E10228BB527F88F404F211E887FB4B620C391CD75BB2858EE1B795D5DAD3E8A663117948F3FBAC5950A8B0942D992DFB45F87E3A7A10C3C95F6319B647063ED48B25D5496077598F0F678FC4F4E58FF5144B63D671B012BAABA2990B35AEA387D3FC9EBA5AAB869D394258FD9548068D41A63A7AC2BC491A7A55BD747760274125E8B7A37EB049886D4B0232A46C7FDA3337169FC14A5F77F0B5E371F075EFB1AE46BAF1D2280239F12CA091FEC30ABA174D54DF3CA2E2AA4E85CEF3855988BDD634D47C93EA6FECF4B557B1E844E55E96B067EC9263B79388919CB0EF5664EA197D7C1A5E891353582FCF67EE8FF112C786CC3188618F0D876180818F1F171B6265F8E4F0250E3103DF25AB9761F44B1EADE6413C8EC0789B45427137D843A43DB08F0B0CD89C410B1409ABEB5D3D9A924463B387369FA5A0E93E3F104F5B29BA46A78F8BF610AFA3834EBAB0AABC80B2582A4D87D929731965C64C3EE623DDC8337ECA3897C72FA28975FE9D2375D3ECFA49BA40E8CE3C34F818B132752888D8AC5691D6CA6595934C2917AF45128E47B10AF221EA265B67B590244988934F5C4DE289D75345169D116A8BB1AFE3A0C96646E12D1CE1B679D066902290647669243DB919BC3F0255BD5A895D6472C6CD9BD9377963500B492328445ED066ECD6ACB7FD118D67A9DECADD04AE55954988C446BF69935C8DBB78555D312FE76A8423D8939F52F983324C3C1092C0756A9B98F8997EF7F5511BC00507610FCEF6E1E760908B81AB8AFCEA1EC0AA9E849766363C800BDC315BB0A2A59052993A8555000800D216C68CB427279359311720136EFF009D118305CCB197079F69777C350660946BB89371BF77BEB448D049BFFE358603E6187BFF000F3E2ADA3131B3ACDE7E4A39F3A9A0C8737E4073B0DF7A248C1876A17EE66DC2DD54BC87C34B333383C98C06F48F96E45FD35C0721ECF7CE3CB44832B5DE3CAAA2D1C8BD8EDF613CE927605124ED102D7B77D15BD186648C2DAE06FF007D12ADC85EEFF065CBB139B361F07869D09B2A7DE0B6AD7033686FF775DFF117E8791F93FF0030BC0669F67CE46222B361F15022391D9675ECB2D1A224F6877F6A5E9B07D9932DC35CE271AD125D79C48DDA5FAE4AD48855F497EC964672D82386DA48444B79F0A6A91A8308E09BD914F696CE20972A9E32482CAAD7F27F0FE9A6804960F31F178CFBC6F0B6AB5C70D5B421A296725927FB2D9F621506A48A45054AB4B16B6FC32D06D884AE5124F9AEDF4E1196C123D3711C6B1A2855ED6A6EDD20ABFD87E52FD4AD3ED1D63EADCA19D4017D5C2CDE15F1D3F286222B53CC8EAAE92634C2E130491D9088382241A78F4F0B37C723B5503B0EAAB860B3B6033AC565D83CBF0D060E59312F1BDC6955BBB2EB6656F46BA4AC9646BE0BE3F039B621D704C23C31C5A4AF899599659A1897F6ADC1D8EB3B094BC5854884F4CD92A87C3610C924F349361638C13A221C488BD5409C0891A2D351602C3D0B8B2FB4063005844B1FC3D9D14C60AB4F0C63CCA3B0C3CFB880BA597E1E05FD74A4D8E4767347B66E64D32E1B051B00B21965948F4AF655BF1D12BD9A9338CF6BB23E311826461DD7E046D3E1FF005BD3AA5D4828E4BFBA22CC30B84CAA39A46493A82EB0205DCF8AF148DEBEAFB148721393C8C427822582CBFAFC4498EC53B3B90A400CAC756AF4FF00A28B09E1600DABB15CF4939819E462148B7654E953DAED35161203286111BCB364DA59FAA891A7C43F2D28CFA35769BE0FF129F8CF42335B3B63D9C3D92E3C29189C5697994AB004F0C5E3D2ACFDB7FD144AE3D856D9B45F1D2EF4B514090C084179192EA37A848BC3F46BA34A7D08549CC87E5126273070A3518B533313E96A55658EB92AD17DECF6C7C5868D430BB28DDDED4FD702BADB7B8ED2620B90A2E01DE699121DB0F0D81BF3EFB8AC330327DA388DAC7777F178AB4CC3EED30E6003BF773A83305731934FFCAB660861F9DBBFBCD6186CF0F10FC55A4CDA02970A013F3DD7A320C9846FB7703CAF526498D3B4F0FDC4F7BDFAA7FD341680B3C9BCBB0BF771FD2B5E71C87B3DFF008F1D0EB855237F75EABECDA1C8AD92AC1C9A941DD55162C30A7D0E0C6A63E7CAB25668C03CCF2F361E5F2A6689FEC85EEFF065E5B2593B3E5786B58DA1E22398D2CF5E8DC397E8791F94FF00D851DD22ED43E1B561E37BAEAEB2173FEC5FFABD5FA298888C36807D9BB0631F9D2C989663F678DA4E26E233AFECB4FAEB24463A675A74B1D24461214EAA42C8A8EE40D60A7D5EB9287278270D9CDDD38668F8AC016468D1BAC6D49AD55FE9D3518CF66AC4717E71961524B73F9EFAE86A9E4E62FA9A00C2E6920B28770B7ECEB60B4C4A298846524CB433FDA4511B430C6AA26488BB5B8C2E9D7D5EAAAAF5BEC5F76FD4896578CB6220671C2AD131005ECAADC54C590C441D2FF63B2F20861CEF3585A301B0D8708EC0F674C0BC2ACDF5F6EB98B60E275F5CF274F7DB208B5E21C82CAAB1416EE6F132D25B1AFA43735E9030D9724D889D95A79957445AF53685ECC7F1A7AFABA9A81AEE433D98362E7CDF37FE95C421FB2E19DDE3D4385B15E155F823F1F57C1D84A663101399DEA30E05C6FB93CFE2A335A2BA4F042F6B23558E48DACB1BEAD0C7C1C5AF4D575BF4729D9E77FB47F48D29C6051216902344840EC2EAED69F5E85A778D1C85B63834F666D858F30C366B2C84DD74A28ED144D3C526AA3DEBA83AD94C3668EB3C98446D7878E7665DFF00741978356AF449FAE8F5D3DE3962D6CFA9706CCC82545EA9B4A462EEEEAA5F52B7137C09FDE50153BC018DD9215B5FB4916B912050CE4B5D977AEAF5333F025115445DF9269D0074F185C040F0E2E244D6FC5888BEF6691B57FB5D1C7A299558B4A65B99DFB5E23C42382CC096EACA0E7E95A3BFD0DC5AB09C7423D0AE2B1D29C6E36F72AA515BB489E9A0B5EC26E6ABF87406599E4583C40C0C4A0B98F5873F5712FF008747F5E04EC97726586CA5998BB13BB9B9FF00B69983C09F5C0ED82D2B7B5989E47B34423805CEB3A16205CDB991DEDE9AC3303460E61BFCC95E6784569911C9186F17B9E62D50660D398630BB802C37FF00356CC1C70118E7DFDF7AC305F11BD8F791BF7D411B10C6C76B1F314546644A3937799EFA287607B42B7C3CFCBF652FE9ACC026795597E14E88F911A13F4D7947227B3E86A56857ECFCFE7CA9572D078AD8E983BA8B7752966192C0EB866E77DDBA93EA89E019F341A8AEE200A7215ED316B17D2FEE8F263165B869AC4C5C4B2A5B945D676BFC3AF42E02FD0F23F22BFF0021951F4D5B060C923DC324EAC12DD98D5BFD7F1D586305529B22DECBBB1F1C8F8E1202D3C25511D1D91C269ED6AACC64D4A6C6EE937A63EA0B43062C960CD1C90A06C430556F133D4BD00E37B456F86DB08E7121C4004DECA00D536A6F4AA562AD23253722A4DA48E3D6C2356B03CDCD9AADA9C32A394DA13D93C99E4901081C0D478CD97EA6A9DB7280AD1539B2698DD9F9130B2CE472DC643DECDC0BA690AEDF648B6B21D56079E86365F549249A3AD654EAB0E9A6FD6CF3AE8D5F4469AA81CDE428AC0DF038CE4F274AE49ECD98DCBE20F82C79871122AFDAA3717C3EA6E3D3F5FF007754D3E5297D3A18D1D0796E89F6A316B1A07C2244A385D4E924B7FB4D3EBADC268DB9E094F475EC1D2CB289B35C5B4E478232DF95A5F47C15094F3F08774765EC86C8C3848520811638A35545441A4055A9404EC791E1E4EFEFBB5164F009C485F4A7305C1CEFB8008E6EC3C5A787F9EAB6DB07E947951D21AC9216C76FDD8A7E1E4C917C5F829CE2CD3781EBAAFD48FF0047DD2C4D979C6451B155C622C4C41D2D1A6AED2FC7C5A2AD9D4A68A2EDD1919CCB102296D63A47102C3B4EDD9D5EBEAE8D52C22BED98F381DAE9160914BB4618B70A8ED33789BD7F4762A6BE808C8DF63F6B06B58D620F023A8777E2E16ED6A6EC542C821A8C817A58C461DA463875012F60F0EF5FC5A28D4C52036C88EF444B33E61848E0D4D23E2225442BA81E2A35C294B68F6E7118E31E1C471595822AB6FE6FD5F169A5E4F08326DB2BFE8ABAA93198CC6C8C0C502261627BEA596556D73B454253C8DCA1D8B3F0F9C3E20811A958C7327D34C4588CDF41DE7C40880504166E64F77D34C1019A4E2BF2DE779BF17E1AC30561B1E5CEF6B9A80190E98CC408E32770B2FF001A8991233B39193AA46ED337083DCB5146A449228FF713C8D4D19111127DE11BCEF5AD92710DCC3B008B7BEF5843035C3737371FBA984329096791FF00F0F37F732FE6D35244248F2AB018A51147C6A381376AF86BCA3915E59EFF004CF429F6A5DFC4BF9A9575E83C67B0CC36317D6BF9A97950C9770DFB72EFE34BFD5425C764D4C659714351E25FCD4F461B406C97D3AAFA2DDA089328C1191E328DD6C7202EB7D2D270EA5F45779C15FA1E49E465FF0090C806DF4D1C138C348E8F09E3C33EB56D717F57F5C74D4F455A9A296C8B30187CC26896710C38D8DE392547E2448B8DB4FC722705643664A68A5B6DB3C82290C70295803BB2712B6225E2E169E5F07D14E420E457DB35117D88E95DA3B8221541A8805175176F16AF1BD64E866AABD31A22C5612494BCCD238D6C74767AC66F893B1C75B507036DAB0B5B0D96E0F0D854C44B229698AAC5868FB65BB2B1FD11F8DE4A56754AC271946A24BED5F9960562CAB2DC1157748167C5B21EDE26554D31B783FECA346AF5C726D4FD92C164FB3D6C0AE1A18F10ED0F5DA57AA40EBC0CCBA1A46F427812B98E4D8EC934755441551C9D31B19B2714C639715888D82B33A45D62AA6A6F132F8DFD14AC2B276DC5C9839B0FBBEF605002D809157869F8C308AC73C87C39E402F69A1B5FFAD5A946B0529889DA2C38FF006F0F3FEB16A4D60DC5E44D76930FBED3424DFF00AC5A0B964DCA447F38C6413B18E496131E8D457AC5DFC5A293B21919AA670DEDFE43060B1398606431C90CEECF03075ECCBD96D5FD9BD0AB838B2CD5BDA2734EDCEC3B44CBA9A359A37D32286D5755ECC9FE22574BC793C145747644F6971859F780C515510DF4A9E1FDA558D6B452D819B3795BC93471A463112395D0AD27548ECABD9A8AFA6A089B7F46897FF84C44B0602656B2C20E940DE1595AA1283198206C4E60996B12B2A4B3865E050B2E1CE9F4B7FF00C95918B356445F663DA4E58F1B0627AB804913ADC98634E1D5C4BC09DBA626981A6C4766ED2FB4E7F4908B0B97931ACA8BF69C436912F12F14717813EBA46F78459D315265D3D196C0C622884D3C31431AF0275ABF9997C6FF001D428DB037CFA164E276CB0D12688A58400379EB1751AB5E85567D8C646DA88988B4B15AD7B991776AA9130C8738885BEFA1279DCC8BA6B0C0AC1ED461C1379A1E7B8758B50212407B51B61098EDD743766550048BBAA264504E073884003AE840017FDA2D450390EE9B4107F5F0F25B7DE2D4D1911A72CDA484BB93343DAFEB16B649C87D9F6920296EBA11FE22D610EC327FFA8A00C475D0916E5D62D3083291AE77B4107D9A7B4D0FEC9F948BE9A9221291FFD9);
/*!40000 ALTER TABLE `foto` ENABLE KEYS */;


-- Dumping structure for table bd_gaed.gestor
CREATE TABLE IF NOT EXISTS `gestor` (
  `ID_Gestor` int(11) NOT NULL AUTO_INCREMENT,
  `ID_Usuario` int(11) DEFAULT NULL,
  `Data_Admissao` date DEFAULT NULL,
  PRIMARY KEY (`ID_Gestor`),
  KEY `ID_Usuario` (`ID_Usuario`),
  CONSTRAINT `gestor_ibfk_1` FOREIGN KEY (`ID_Usuario`) REFERENCES `usuario` (`ID_Usuario`)
) ENGINE=InnoDB DEFAULT CHARSET=latin1;

-- Dumping data for table bd_gaed.gestor: ~0 rows (approximately)
/*!40000 ALTER TABLE `gestor` DISABLE KEYS */;
/*!40000 ALTER TABLE `gestor` ENABLE KEYS */;


-- Dumping structure for table bd_gaed.inserido
CREATE TABLE IF NOT EXISTS `inserido` (
  `ID_Boletim` int(11) DEFAULT NULL,
  `ID_Aluno` int(11) DEFAULT NULL,
  KEY `ID_Boletim` (`ID_Boletim`),
  KEY `ID_Aluno` (`ID_Aluno`),
  CONSTRAINT `inserido_ibfk_1` FOREIGN KEY (`ID_Boletim`) REFERENCES `boletim` (`ID_Boletim`),
  CONSTRAINT `inserido_ibfk_2` FOREIGN KEY (`ID_Aluno`) REFERENCES `aluno` (`ID_Aluno`)
) ENGINE=InnoDB DEFAULT CHARSET=latin1;

-- Dumping data for table bd_gaed.inserido: ~2 rows (approximately)
/*!40000 ALTER TABLE `inserido` DISABLE KEYS */;
INSERT INTO `inserido` (`ID_Boletim`, `ID_Aluno`) VALUES
	(1, 1),
	(2, 2);
/*!40000 ALTER TABLE `inserido` ENABLE KEYS */;


-- Dumping structure for table bd_gaed.ministra
CREATE TABLE IF NOT EXISTS `ministra` (
  `ID_Professor` int(11) DEFAULT NULL,
  `ID_Disciplina` int(11) DEFAULT NULL,
  KEY `ID_Professor` (`ID_Professor`),
  KEY `ID_Disciplina` (`ID_Disciplina`),
  CONSTRAINT `ministra_ibfk_1` FOREIGN KEY (`ID_Professor`) REFERENCES `professor` (`ID_Professor`),
  CONSTRAINT `ministra_ibfk_2` FOREIGN KEY (`ID_Disciplina`) REFERENCES `disciplina` (`ID_Disciplina`)
) ENGINE=InnoDB DEFAULT CHARSET=latin1;

-- Dumping data for table bd_gaed.ministra: ~4 rows (approximately)
/*!40000 ALTER TABLE `ministra` DISABLE KEYS */;
INSERT INTO `ministra` (`ID_Professor`, `ID_Disciplina`) VALUES
	(1, 1),
	(2, 2),
	(3, 3),
	(4, 4),
	(5, 1),
	(5, 2);
/*!40000 ALTER TABLE `ministra` ENABLE KEYS */;


-- Dumping structure for table bd_gaed.ocorrencia
CREATE TABLE IF NOT EXISTS `ocorrencia` (
  `ID_Ocorrencia` int(11) NOT NULL AUTO_INCREMENT,
  `Data_Ocorrencia` date DEFAULT NULL,
  `Descricao_Ocorrencia` varchar(1000) DEFAULT NULL,
  `Assunto_Ocorrencia` varchar(200) DEFAULT NULL,
  PRIMARY KEY (`ID_Ocorrencia`)
) ENGINE=InnoDB AUTO_INCREMENT=4 DEFAULT CHARSET=latin1;

-- Dumping data for table bd_gaed.ocorrencia: ~3 rows (approximately)
/*!40000 ALTER TABLE `ocorrencia` DISABLE KEYS */;
INSERT INTO `ocorrencia` (`ID_Ocorrencia`, `Data_Ocorrencia`, `Descricao_Ocorrencia`, `Assunto_Ocorrencia`) VALUES
	(1, '2014-10-22', 'Pulou o muro', 'Muro'),
	(2, '2014-10-22', 'Matou aula', 'Ausencia'),
	(3, '2014-10-22', 'Saida de todos alunos depois do intervalo', 'Falta coletiva');
/*!40000 ALTER TABLE `ocorrencia` ENABLE KEYS */;


-- Dumping structure for table bd_gaed.possui
CREATE TABLE IF NOT EXISTS `possui` (
  `ID_Professor` int(11) DEFAULT NULL,
  `ID_Turma` int(11) DEFAULT NULL,
  KEY `ID_Disciplina` (`ID_Professor`),
  KEY `ID_Turma` (`ID_Turma`),
  CONSTRAINT `FK_possui_professor` FOREIGN KEY (`ID_Professor`) REFERENCES `professor` (`ID_Professor`),
  CONSTRAINT `possui_ibfk_2` FOREIGN KEY (`ID_Turma`) REFERENCES `turma` (`ID_Turma`)
) ENGINE=InnoDB DEFAULT CHARSET=latin1;

-- Dumping data for table bd_gaed.possui: ~3 rows (approximately)
/*!40000 ALTER TABLE `possui` DISABLE KEYS */;
INSERT INTO `possui` (`ID_Professor`, `ID_Turma`) VALUES
	(1, 1),
	(2, 1),
	(3, 1),
	(4, 1),
	(1, 2),
	(5, 3);
/*!40000 ALTER TABLE `possui` ENABLE KEYS */;


-- Dumping structure for table bd_gaed.professor
CREATE TABLE IF NOT EXISTS `professor` (
  `ID_Professor` int(11) NOT NULL AUTO_INCREMENT,
  `ID_Usuario` int(11) DEFAULT NULL,
  `Data_Admissao` date DEFAULT NULL,
  PRIMARY KEY (`ID_Professor`),
  KEY `ID_Usuario` (`ID_Usuario`),
  CONSTRAINT `professor_ibfk_1` FOREIGN KEY (`ID_Usuario`) REFERENCES `usuario` (`ID_Usuario`)
) ENGINE=InnoDB AUTO_INCREMENT=6 DEFAULT CHARSET=latin1;

-- Dumping data for table bd_gaed.professor: ~4 rows (approximately)
/*!40000 ALTER TABLE `professor` DISABLE KEYS */;
INSERT INTO `professor` (`ID_Professor`, `ID_Usuario`, `Data_Admissao`) VALUES
	(1, 9, '2014-10-22'),
	(2, 10, '2014-10-22'),
	(3, 11, '2014-10-22'),
	(4, 12, '2014-10-22'),
	(5, 20, '2014-11-11');
/*!40000 ALTER TABLE `professor` ENABLE KEYS */;


-- Dumping structure for table bd_gaed.recebe
CREATE TABLE IF NOT EXISTS `recebe` (
  `ID_Aluno` int(11) DEFAULT NULL,
  `ID_Ocorrencia` int(11) DEFAULT NULL,
  KEY `ID_Aluno` (`ID_Aluno`),
  KEY `ID_Ocorrencia` (`ID_Ocorrencia`),
  CONSTRAINT `recebe_ibfk_1` FOREIGN KEY (`ID_Aluno`) REFERENCES `aluno` (`ID_Aluno`),
  CONSTRAINT `recebe_ibfk_2` FOREIGN KEY (`ID_Ocorrencia`) REFERENCES `ocorrencia` (`ID_Ocorrencia`)
) ENGINE=InnoDB DEFAULT CHARSET=latin1;

-- Dumping data for table bd_gaed.recebe: ~2 rows (approximately)
/*!40000 ALTER TABLE `recebe` DISABLE KEYS */;
INSERT INTO `recebe` (`ID_Aluno`, `ID_Ocorrencia`) VALUES
	(1, 1),
	(2, 2);
/*!40000 ALTER TABLE `recebe` ENABLE KEYS */;


-- Dumping structure for table bd_gaed.registra
CREATE TABLE IF NOT EXISTS `registra` (
  `ID_Turma` int(11) DEFAULT NULL,
  `ID_Ocorrencia` int(11) DEFAULT NULL,
  KEY `ID_Ocorrencia` (`ID_Ocorrencia`),
  KEY `ID_Turma` (`ID_Turma`),
  CONSTRAINT `registra_ibfk_1` FOREIGN KEY (`ID_Ocorrencia`) REFERENCES `ocorrencia` (`ID_Ocorrencia`),
  CONSTRAINT `registra_ibfk_2` FOREIGN KEY (`ID_Turma`) REFERENCES `turma` (`ID_Turma`)
) ENGINE=InnoDB DEFAULT CHARSET=latin1;

-- Dumping data for table bd_gaed.registra: ~0 rows (approximately)
/*!40000 ALTER TABLE `registra` DISABLE KEYS */;
INSERT INTO `registra` (`ID_Turma`, `ID_Ocorrencia`) VALUES
	(2, 3);
/*!40000 ALTER TABLE `registra` ENABLE KEYS */;


-- Dumping structure for table bd_gaed.responsavel
CREATE TABLE IF NOT EXISTS `responsavel` (
  `ID_Responsavel` int(11) NOT NULL AUTO_INCREMENT,
  `ID_Usuario` int(11) DEFAULT NULL,
  `CPF` varchar(20) DEFAULT NULL,
  PRIMARY KEY (`ID_Responsavel`),
  KEY `ID_Usuario` (`ID_Usuario`),
  CONSTRAINT `responsavel_ibfk_1` FOREIGN KEY (`ID_Usuario`) REFERENCES `usuario` (`ID_Usuario`)
) ENGINE=InnoDB AUTO_INCREMENT=7 DEFAULT CHARSET=latin1;

-- Dumping data for table bd_gaed.responsavel: ~4 rows (approximately)
/*!40000 ALTER TABLE `responsavel` DISABLE KEYS */;
INSERT INTO `responsavel` (`ID_Responsavel`, `ID_Usuario`, `CPF`) VALUES
	(2, 2, '00000000'),
	(3, 3, '00000000'),
	(4, 1, '326.349.448-10'),
	(5, 1, '326.349.448-10'),
	(6, 29, '326.349.448-10');
/*!40000 ALTER TABLE `responsavel` ENABLE KEYS */;


-- Dumping structure for table bd_gaed.secretaria
CREATE TABLE IF NOT EXISTS `secretaria` (
  `ID_Secretaria` int(11) NOT NULL AUTO_INCREMENT,
  `ID_Usuario` int(11) DEFAULT NULL,
  `Data_Admissao` date DEFAULT NULL,
  PRIMARY KEY (`ID_Secretaria`),
  KEY `ID_Usuario` (`ID_Usuario`),
  CONSTRAINT `secretaria_ibfk_1` FOREIGN KEY (`ID_Usuario`) REFERENCES `usuario` (`ID_Usuario`)
) ENGINE=InnoDB DEFAULT CHARSET=latin1;

-- Dumping data for table bd_gaed.secretaria: ~0 rows (approximately)
/*!40000 ALTER TABLE `secretaria` DISABLE KEYS */;
/*!40000 ALTER TABLE `secretaria` ENABLE KEYS */;


-- Dumping structure for table bd_gaed.tarefa
CREATE TABLE IF NOT EXISTS `tarefa` (
  `ID_Tarefa` int(11) NOT NULL AUTO_INCREMENT,
  `ID_Disciplina` int(11) DEFAULT NULL,
  `Descricao_Tarefa` varchar(1000) DEFAULT NULL,
  `Data_Tarefa` date DEFAULT NULL,
  `Prazo_Tarefa` date DEFAULT NULL,
  `Status_Tarefa` tinyint(1) DEFAULT NULL,
  PRIMARY KEY (`ID_Tarefa`),
  KEY `ID_Disciplina` (`ID_Disciplina`),
  CONSTRAINT `tarefa_ibfk_1` FOREIGN KEY (`ID_Disciplina`) REFERENCES `disciplina` (`ID_Disciplina`)
) ENGINE=InnoDB AUTO_INCREMENT=5 DEFAULT CHARSET=latin1;

-- Dumping data for table bd_gaed.tarefa: ~4 rows (approximately)
/*!40000 ALTER TABLE `tarefa` DISABLE KEYS */;
INSERT INTO `tarefa` (`ID_Tarefa`, `ID_Disciplina`, `Descricao_Tarefa`, `Data_Tarefa`, `Prazo_Tarefa`, `Status_Tarefa`) VALUES
	(1, 1, 'Escrever redao', '2014-10-22', '2014-10-22', 0),
	(2, 2, 'Tabuada do 9', '2014-10-22', '2014-10-22', 0),
	(3, 3, 'Cadeia carbonica', '2014-10-22', '2014-10-22', 0),
	(4, 4, 'Velocidade mdia', '2014-10-22', '2014-10-22', 0);
/*!40000 ALTER TABLE `tarefa` ENABLE KEYS */;


-- Dumping structure for table bd_gaed.turma
CREATE TABLE IF NOT EXISTS `turma` (
  `ID_Turma` int(11) NOT NULL AUTO_INCREMENT,
  `Nome_Turma` varchar(10) DEFAULT NULL,
  `Periodo` varchar(20) DEFAULT NULL,
  `Serie` int(11) DEFAULT NULL,
  `Ano_Letivo` int(11) DEFAULT NULL,
  `Bimestre` int(11) DEFAULT NULL,
  PRIMARY KEY (`ID_Turma`)
) ENGINE=InnoDB AUTO_INCREMENT=4 DEFAULT CHARSET=latin1;

-- Dumping data for table bd_gaed.turma: ~3 rows (approximately)
/*!40000 ALTER TABLE `turma` DISABLE KEYS */;
INSERT INTO `turma` (`ID_Turma`, `Nome_Turma`, `Periodo`, `Serie`, `Ano_Letivo`, `Bimestre`) VALUES
	(1, 'A', 'Diurno', 1, 2014, 1),
	(2, 'B', 'Noturno', 1, 2014, 2),
	(3, 'C', 'Diurno', 2, 2014, 1);
/*!40000 ALTER TABLE `turma` ENABLE KEYS */;


-- Dumping structure for table bd_gaed.usuario
CREATE TABLE IF NOT EXISTS `usuario` (
  `ID_Usuario` int(11) NOT NULL AUTO_INCREMENT,
  `Login` varchar(40) DEFAULT NULL,
  `Senha` varchar(40) DEFAULT NULL,
  `Nome` varchar(50) DEFAULT NULL,
  `Sobrenome` varchar(50) DEFAULT NULL,
  `Sexo` varchar(20) DEFAULT NULL,
  `Data_Nascimento` date DEFAULT NULL,
  `Perfil_Usuario` tinyint(4) DEFAULT NULL,
  `Foto` int(11) DEFAULT NULL,
  `Rua` varchar(100) DEFAULT NULL,
  `Numero` varchar(10) DEFAULT NULL,
  `Bairro` varchar(100) DEFAULT NULL,
  `Cidade` varchar(100) DEFAULT NULL,
  `Estado` varchar(100) DEFAULT NULL,
  `CEP` varchar(20) DEFAULT NULL,
  `Telefone` varchar(50) DEFAULT NULL,
  `Email` varchar(100) DEFAULT NULL,
  PRIMARY KEY (`ID_Usuario`),
  KEY `FK_usuario_foto` (`Foto`),
  CONSTRAINT `FK_usuario_foto` FOREIGN KEY (`Foto`) REFERENCES `foto` (`cod_foto`)
) ENGINE=InnoDB AUTO_INCREMENT=31 DEFAULT CHARSET=latin1;

-- Dumping data for table bd_gaed.usuario: ~30 rows (approximately)
/*!40000 ALTER TABLE `usuario` DISABLE KEYS */;
INSERT INTO `usuario` (`ID_Usuario`, `Login`, `Senha`, `Nome`, `Sobrenome`, `Sexo`, `Data_Nascimento`, `Perfil_Usuario`, `Foto`, `Rua`, `Numero`, `Bairro`, `Cidade`, `Estado`, `CEP`, `Telefone`, `Email`) VALUES
	(1, 'admin', 'd033e22ae348aeb5660fc2140aec35850c4da997', NULL, NULL, NULL, NULL, 0, 9, NULL, NULL, NULL, NULL, NULL, NULL, NULL, NULL),
	(2, 'usu01', '313222e8942e8c19dfeb9a3afff3eff50413abbe', 'Ana', 'Siqueira', 'Feminino', '2014-10-22', 3, NULL, NULL, NULL, NULL, NULL, NULL, NULL, NULL, NULL),
	(3, 'usu02', NULL, 'Luis', 'Brando', 'Masculino', '2014-10-22', NULL, NULL, NULL, NULL, NULL, NULL, NULL, NULL, NULL, NULL),
	(4, 'usu03', 'c0c91243d738cc672bc176f450b1bd73d76cc947', 'Luiza', 'Favaretto', 'Feminino', NULL, 2, NULL, NULL, NULL, NULL, NULL, NULL, NULL, NULL, NULL),
	(5, 'usu04', '66b175ece05b7dae422c212aa63cda51a3fe666d', 'Waldinei', 'Pereira', 'Masculino', NULL, 5, NULL, NULL, NULL, NULL, NULL, NULL, NULL, NULL, NULL),
	(6, 'usu05', NULL, 'Anglica', 'Araujo', 'Feminino', NULL, NULL, NULL, NULL, NULL, NULL, NULL, NULL, NULL, NULL, NULL),
	(7, 'usu06', NULL, 'Michell', 'Jubanski', 'Masculino', NULL, NULL, NULL, NULL, NULL, NULL, NULL, NULL, NULL, NULL, NULL),
	(8, 'usu07', NULL, 'Marcos', 'Silva', 'Masculino', NULL, NULL, NULL, NULL, NULL, NULL, NULL, NULL, NULL, NULL, NULL),
	(9, 'usu08', '4d938424b4f2bc2eb5fcde9ffb0d925eacda437d', 'Daniel', 'Previtali', 'Masculino', NULL, 3, NULL, NULL, NULL, NULL, NULL, NULL, NULL, NULL, NULL),
	(10, 'usu09', '328d2fe495e38b6c3be50317af93b8dced0de0ad', 'Maciel', 'Trakinas', 'Masculino', NULL, NULL, NULL, NULL, NULL, NULL, NULL, NULL, NULL, NULL, NULL),
	(11, 'usu10', NULL, 'Odair', 'Silva', 'Masculino', NULL, NULL, NULL, NULL, NULL, NULL, NULL, NULL, NULL, NULL, NULL),
	(12, 'usu11', NULL, 'Maria', 'Silva', 'Feminino', NULL, NULL, NULL, NULL, NULL, NULL, NULL, NULL, NULL, NULL, NULL),
	(13, 'test', 'test', 'test', 'test', 'test', '0000-00-00', NULL, NULL, NULL, NULL, NULL, NULL, NULL, NULL, NULL, NULL),
	(14, 'a', 'b', 'c', NULL, NULL, NULL, NULL, NULL, NULL, NULL, NULL, NULL, NULL, NULL, NULL, NULL),
	(15, 'test', 'asasas', 'test', 'test', 'test', NULL, NULL, NULL, '1212', '1212', NULL, '1212', '1212', '12.121-212121', '(12) 1212-1121', 'test'),
	(16, 'Laranja', 'Laranja', 'test', 'test', 'test', NULL, NULL, NULL, '1212', '1212', NULL, '1212', '1212', '12.121-212121', '(12) 1212-1121', 'test'),
	(17, 'Banana', 'asas', 'test', 'test', 'test', NULL, NULL, NULL, '1212', '1212', NULL, '1212', '1212', '12.121-212121', '(12) 1212-1121', 'test'),
	(18, 'Kiwi', 'sdad', 'asdas', 'adasd', 'masdasd', NULL, NULL, NULL, 'asdasd', '325', NULL, 'campinas', 'sada', '13058373', '(12) 3123-1231', 'lasdasdas'),
	(19, 'asas', '7ddbb6309d14a74d92e31b26f3ff5454dfa0708b', 'asas', 'asas', 'asas', NULL, NULL, NULL, '61313', '1231212', NULL, 'Campinas', 'asas', '13251512', '(16) 1131-3131', 'asas'),
	(20, 'lfernandobra', '3e034fb917ab7ed79e0cce95bb748b349f348c96', 'Luis Fernando', 'Brando', 'Masculino', '1983-07-14', 3, 1, 'Antiga 7', '343', NULL, 'Campinas', 'So Paulo', '13058373', '(19) 9245-0472', 'lfernandobra@gmail.com'),
	(21, 'camila', 'c5c8066d458ef32d2d9d6c641cd90b1f5259ebed', 'Camila', 'Domingues', 'Feminino', '1973-03-20', 2, 9, '9', '32', 'asd', 'asd', 'asd', '13058373', '(19) 9999-9999', 'abc@def'),
	(22, 'test', 'a94a8fe5ccb19ba61c4c0873d391e987982fbbd3', 'asd', 'asd', 'Masculino', '2314-07-12', NULL, NULL, '123', '3', 'qwe', 'campinas', 'asd', '13058373', '(21) 3123-1231', 'sdfasdfasdf'),
	(23, 'sabrina', '9c19e3b3dc5d215ec9402a4549988af4734031db', 'Sabrina', 'Evaristo', 'Feminino', '1986-05-14', 4, NULL, '12', '12', 'bababab', 'campinas', 'So Paulo', '13.058-373', '(19) 99245-0472', 'l@gmail.com'),
	(24, 'sabrina', '9c19e3b3dc5d215ec9402a4549988af4734031db', 'Sabrina', 'Evaristo', 'Feminino', '1986-05-14', 4, NULL, '12', '12', 'bababab', 'campinas', 'So Paulo', '13.058-373', '(19) 99245-0472', 'l@gmail.com'),
	(25, 'leotrindade', '829ddbfed4635164c458a2562d128c82af0cf123', 'Leonardo Trindade', 'Bassi', 'Masculino', '1986-05-14', 4, NULL, '12', '12', 'bababab', 'campinas', 'So Paulo', '13.058-373', '(19) 99245-0472', 'l@gmail.com'),
	(26, 'patito', '638d1bf2cba4120601c80301852287c458cb317f', 'Leonardo Trindade', 'Bassi', 'Masculino', '1986-05-14', 4, NULL, '12', '12', 'bababab', 'campinas', 'So Paulo', '13.058-373', '(19) 99245-0472', 'l@gmail.com'),
	(27, 'potato', '3e2e95f5ad970eadfa7e17eaf73da97024aa5359', 'Leonardo Trindade', 'Bassi', 'Masculino', '1986-05-14', 4, NULL, '12', '12', 'bababab', 'campinas', 'So Paulo', '13.058-373', '(19) 99245-0472', 'l@gmail.com'),
	(28, 'potato', '3e2e95f5ad970eadfa7e17eaf73da97024aa5359', 'Leonardo Trindade', 'Bassi', 'Masculino', '1986-05-14', 4, NULL, '12', '12', 'bababab', 'campinas', 'So Paulo', '13.058-373', '(19) 99245-0472', 'l@gmail.com'),
	(29, 'blabla', 'bb21158c733229347bd4e681891e213d94c685be', 'Leonardo Trindade', 'Bassi', 'Masculino', '1986-05-14', 4, NULL, '12', '12', 'bababab', 'campinas', 'So Paulo', '13.058-373', '(19) 99245-0472', 'l@gmail.com'),
	(30, 'averola', 'c25c775fc54179a12670b1dcfc6b678de1b1c23d', 'Adriano', 'Verola', 'Masculino', '1975-10-14', 5, NULL, 'Treze', '343', 'Jardim Miriam', 'Campinas', 'SP', '13.058-373', '(19) 99247-8561', 'averola@gmail.com');
/*!40000 ALTER TABLE `usuario` ENABLE KEYS */;
/*!40101 SET SQL_MODE=IFNULL(@OLD_SQL_MODE, '') */;
/*!40014 SET FOREIGN_KEY_CHECKS=IF(@OLD_FOREIGN_KEY_CHECKS IS NULL, 1, @OLD_FOREIGN_KEY_CHECKS) */;
/*!40101 SET CHARACTER_SET_CLIENT=@OLD_CHARACTER_SET_CLIENT */;
